date,track_name,artists_name,artist_count,in_spotify_charts,main_music_genre_new,streams,track_id,in_spotify_playlists,in_apple_playlists,in_apple_charts,in_deezer_playlists,in_deezer_charts,in_shazam_charts,main_country_new
2023-06-01,Los del Espacio,"Big One, Duki, Lit Killah, Maria Becerra, FMK, Rusherking, Emilia, Tiago pzk",8,31,Argentine trap,123122413,4801316,1150,22,33,34,7,184,Argentina
2021-11-17,DANCE CRIP,Trueno,1,0,Argentine trap,198883004,2726514,731,14,14,24,0,4,Argentina
2021-11-11,Bar,"Tini, L-Gante",2,4,Cumbia,200972675,2582262,755,22,3,0,0,0,Argentina
2022-12-16,MERCHO,"Migrantes, LiL CaKe, Nico Valdi",3,20,Cumbia pop,231332117,5478299,1267,41,22,56,4,84,Argentina
2023-01-11,"Shakira: Bzrp Music Sessions, Vol. 53","Shakira, Bizarrap",2,44,Latin pop,721975598,4669801,5724,119,108,254,29,22,Argentina
2023-02-14,Cupido,Tini,1,24,Latin pop,217672943,1743307,1240,51,29,63,4,54,Argentina
2022-07-20,GIVENCHY,Duki,1,4,Latin trap,185236961,5686736,625,13,18,12,0,0,Argentina
2023-04-04,Un Finde | CROSSOVER #2,"Big One, FMK, Ke personajes",3,14,Latin trap,142095275,1207987,561,4,14,12,5,56,Argentina
2022-06-02,Antes de Perderte,Duki,1,8,Latin trap,157136970,5141433,584,12,1,8,0,1,Argentina
2022-07-06,"Quevedo: Bzrp Music Sessions, Vol. 52","Bizarrap, Quevedo",2,45,Latin trap,1356565093,4431554,8506,94,65,164,14,176,Argentina
2022-12-15,Marisola - Remix,"Duki, NICKI NICOLE, Cris Mj, Standly, Stars Music Chile",5,16,Latin trap,223582566,8001796,1845,20,8,30,2,0,Argentina
2022-04-06,Chance,Paulo Londra,1,0,Latin trap,89566512,4557678,225,11,0,7,0,0,Argentina
2022-06-02,Nos Comemos (feat. Ozuna),"Ozuna, Tiago pzk",2,0,Latin trap,138334433,3786238,896,0,0,2,0,0,Argentina
2022-04-25,"Paulo Londra: Bzrp Music Sessions, Vol. 23","Bizarrap, Paulo Londra",2,0,Latin trap,164163229,4487193,928,19,0,7,0,0,Argentina
2022-03-23,Plan A,Paulo Londra,1,0,Latin trap,240661097,6009839,1105,32,0,19,0,0,Argentina
2021-12-29,"Tiago PZK: Bzrp Music Sessions, Vol. 48","Bizarrap, Tiago pzk",2,12,Latin trap,374191487,3885692,1678,20,4,15,1,3,Argentina
2022-11-03,A Veces (feat. Feid),"Feid, Paulo Londra",2,0,Latin trap,73513683,8553734,573,2,0,7,0,0,Argentina
2021-10-21,Salimo de Noche,"Trueno, Tiago pzk",2,0,Latin trap,261414174,5334385,1057,17,5,21,0,0,Argentina
2023-06-21,"Rauw Alejandro: Bzrp Music Sessions, Vol. 56","Rauw Alejandro, Bizarrap",2,32,Latin trap,66902503,8262356,871,25,59,32,5,88,Argentina
2022-01-05,Entre Nosotros (Remix) [con Nicki Nicole],"Lit Killah, Maria Becerra, Tiago pzk, NICKI NICOLE",4,3,Latin trap,236940480,8941056,759,32,0,12,0,0,Argentina
2023-02-08,Rara Vez,"Taiu, Milo j",2,38,Latin trap,248088961,1696728,893,19,23,24,3,88,Argentina
2023-05-31,"Peso Pluma: Bzrp Music Sessions, Vol. 55","Bizarrap, Peso Pluma",2,40,Latin trap,200647221,7757967,1313,17,152,32,11,139,Argentina
2022-03-19,SNAP,Rosa Linn,1,0,Pop,711366595,3814670,1818,3,0,63,0,353,Armenia
2022-03-19,SNAP,Rosa Linn,1,18,Pop,726307468,5675634,3202,148,80,226,24,0,Armenia
2017-10-04,Swim,Chase Atlantic,1,0,Alternative R&B,498960285,1386091,2742,5,1,62,0,0,Australia
2023-07-13,Rush,Troye Sivan,1,78,Dance-pop,22581161,2808274,864,71,135,50,1,294,Australia
2021-11-19,Down Under (feat. Colin Hay),"Luude, Colin Hay",2,2,Drum & Bass,252871192,2761463,3541,57,13,50,1,7,Australia
2019-01-01,Astronaut In The Ocean,Masked Wolf,1,0,Heavy metal,1138474110,6047703,7191,146,18,478,0,7,Australia
1975-01-01,Riptide,Vance Joy,1,55,Indie folk,2009094673,8502696,31123,300,65,1003,1,0,Australia
2011-01-01,Somebody That I Used To Know,"Gotye, Kimbra",2,0,Indie pop,1457139296,3780370,42798,217,136,6508,1,,Australia
2021-09-09,Angel Baby,Troye Sivan,1,9,Pop,408843328,7429862,1959,52,25,32,0,10,Australia
2017-01-01,Snowman,Sia,1,0,Pop,690104769,2886961,5140,85,110,500,0,,Australia
2016-01-21,Unstoppable,Sia,1,13,Pop,939844851,8213022,7681,119,66,1145,2,,Australia
2022-08-05,How Do I Say Goodbye,Dean Lewis,1,15,Pop,284785823,8803071,2163,72,97,58,0,154,Australia
2021-07-09,STAY (with Justin Bieber),"Justin Bieber, The Kid Laroi",2,36,Pop,2665343922,2023156,17050,492,99,798,31,0,Australia
2019-05-10,Dance Monkey,Tones and I,1,0,Pop,2864791672,2969661,24529,533,167,3595,6,,Australia
2023-01-27,Love Again,The Kid Laroi,1,0,Pop,147538971,5911914,1283,57,4,48,0,0,Australia
2022-04-22,Thousand Miles,The Kid Laroi,1,0,Pop,244741137,8779560,2050,52,9,46,0,1,Australia
2011-01-01,We Found Love,"Rihanna, Calvin Harris",2,21,EDM,1235005533,4242212,36843,321,91,4607,1,58,Barbados
2022-10-28,Lift Me Up - From Black Panther: Wakanda Forever - Music From and Inspired By,Rihanna,1,0,Pop,297328960,4562499,3311,129,31,212,1,41,Barbados
2021-07-30,Where Are You Now,"Lost Frequencies, Calum Scott",2,44,Dance,972509632,6416915,10565,238,122,557,17,58,Belgium
2022-12-08,Zona De Perigo,Leo Santana,1,4,Axé,134294498,2068804,531,20,1,71,2,0,Brazil
2022-09-09,Evoque Prata,"DJ Escobar, MC MENOR SG, MC MENOR HR",3,0,Brazilian funk,174006928,6055373,852,14,1,50,0,0,Brazil
2021-11-11,Envolver,Anitta,1,2,Brazilian funk,546191065,5145584,4673,123,113,180,1,4,Brazil
2022-06-10,Baile no Morro,"Mc Vitin Da Igrejinha, MC Tairon, DJ Win",3,2,Brazilian funk,129314708,8917301,685,17,0,24,0,30,Brazil
2022-06-03,Ai Preto,"L7nnon, DJ Biel do Furduncinho, Bianca",3,4,Brazilian funk,176103902,3070266,894,28,0,54,0,0,Brazil
2023-06-01,"Gol Bolinha, Gol Quadrado 2","Mc Pedrinho, DJ 900",2,8,Brazilian funk,11956641,1589586,293,5,2,30,2,66,Brazil
2022-07-01,Casei Com a Putaria,"MC Ryan SP, Love Funk, Mc Paiva ZS",3,4,Brazilian funk,187701588,1769305,648,0,0,30,0,0,Brazil
2022-07-28,Lovezinho,Treyce,1,0,Brazilian funk,70069745,3519068,242,12,2,13,0,4,Brazil
2012-06-20,MONTAGEM - FR PUNK,"Ayparia, unxbected",2,50,Brazilian funk,58054811,8274842,641,1,52,8,0,1170,Brazil
2022-03-30,Fim de Semana no Rio,teto,1,2,Brazilian trap,139193812,1828295,315,27,2,31,0,0,Brazil
2022-07-06,La Loto,"Anitta, Tini, Becky G",3,0,Latin pop,121189256,5565096,945,49,3,57,0,0,Brazil
2023-01-27,Erro Gostoso - Ao Vivo,Simone Mendes,1,5,Sertanejo,153454328,6845168,984,8,57,76,2,49,Brazil
2023-03-01,Seu Brilho Sumiu - Ao Vivo,"Israel & Rodolffo, Mari Fernandez",2,5,Sertanejo,138517666,2098417,967,7,29,51,1,29,Brazil
2022-05-20,Pipoco,"Melody, Ana Castela, Dj Chris No Beat",3,4,Sertanejo,191873381,6046483,1112,22,2,65,1,3,Brazil
2022-11-03,Bombonzinho - Ao Vivo,"Israel & Rodolffo, Ana Castela",2,6,Sertanejo,263453310,7204092,1254,26,69,73,2,6,Brazil
2023-02-02,Nosso Quadro,"Ana Castela, AgroPlay",2,9,Sertanejo,233801632,4335470,894,14,88,66,3,72,Brazil
2022-09-16,Eu Gosto Assim - Ao Vivo,"Gustavo Mioto, Mari Fernandez",2,4,Sertanejo,222612678,4794318,1473,27,64,66,1,4,Brazil
2022-12-02,People,Libianca,1,56,Afrobeats,373199958,4890110,3506,105,64,169,8,529,Cameroon
2016-04-04,One Dance,"Drake, WizKid, Kyla",3,24,Afrobeats,2713922350,1928790,43257,433,107,3631,0,26,Canada
2022-10-31,SPIT IN MY FACE!,ThxSoMch,1,14,Alternative hip-hop,303216294,4967469,629,32,3,9,0,0,Canada
2022-10-31,SPIT IN MY FACE!,ThxSoMch,1,0,Alternative hip-hop,301869854,8173823,573,1,0,18,0,24,Canada
2011-01-01,Mistletoe,Justin Bieber,1,0,Christmas pop,629173063,5666047,9577,195,111,310,0,0,Canada
2022-11-04,Spin Bout U,"Drake, 21 Savage",2,2,Heavy metal,198365537,1438195,1652,26,52,10,0,95,Canada
2023-04-07,Search & Rescue,Drake,1,6,Heavy metal,175097833,2754241,2066,58,70,43,0,182,Canada
2021-09-03,Fair Trade (with Travis Scott),"Drake, Travis Scott",2,6,Heavy metal,593917618,6599493,5403,118,116,96,0,3,Canada
2022-11-04,On BS,"Drake, 21 Savage",2,0,Heavy metal,170413877,3035987,1338,9,20,7,0,0,Canada
2022-11-04,Broke Boys,"Drake, 21 Savage",2,0,Heavy metal,106249219,8174233,1060,3,8,5,0,0,Canada
2022-11-04,BackOutsideBoyz,Drake,1,0,Heavy metal,93367537,3108815,1045,8,5,2,0,0,Canada
2022-11-04,Privileged Rappers,"Drake, 21 Savage",2,0,Heavy metal,112436403,4322356,1007,6,5,3,0,0,Canada
2022-11-04,Major Distribution,"Drake, 21 Savage",2,0,Heavy metal,154863153,5974857,1545,22,7,15,0,0,Canada
2022-11-04,Circo Loco,"Drake, 21 Savage",2,0,Heavy metal,141720999,3506706,1794,26,9,17,0,3,Canada
2022-06-17,Sticky,Drake,1,0,Heavy metal,191448892,6670857,2814,38,105,25,0,2,Canada
2022-11-04,Rich Flex,"Drake, 21 Savage",2,18,Heavy metal,573633020,4604858,4657,84,84,42,0,23,Canada
2021-09-03,Way 2 Sexy (with Future & Young Thug),"Drake, Future, Young Thug",3,0,Heavy metal,489945871,6195210,5481,144,30,86,0,0,Canada
2022-11-04,Pussy & Millions (feat. Travis Scott),"Drake, Travis Scott, 21 Savage",3,0,Heavy metal,191333656,2598352,1930,24,8,17,0,1,Canada
2022-06-17,Jimmy Cooks (feat. 21 Savage),"Drake, 21 Savage",2,27,Hip-hop,618885532,3007244,5871,81,121,58,1,34,Canada
2021-09-03,Knife Talk (with 21 Savage ft. Project Pat),"Drake, Project Pat, 21 Savage",3,0,Hip-hop,594482982,4666772,5199,45,43,45,0,3,Canada
2022-06-17,Massive,Drake,1,0,House,195628667,7531207,5263,66,89,61,0,11,Canada
2019-05-10,Those Eyes,New West,1,14,Indie pop,411747614,8251078,1507,24,71,44,1,195,Canada
2019-05-10,Heart To Heart,Mac DeMarco,1,0,Indie rock,244658767,2775772,1640,27,27,29,1,1,Canada
2022-08-11,Limbo,Freddie Dredd,1,0,Phonk,199386237,6640464,688,14,1,17,0,2,Canada
2017-04-28,Dandelions,Ruth B.,1,21,Pop,1116995633,4495422,3423,41,100,59,1,32,Canada
2021-12-01,It'll Be Okay,Shawn Mendes,1,0,Pop,287201015,4923214,1950,56,8,104,0,10,Canada
2022-01-05,Fingers Crossed,"Lauren Spencer Smith, Lauren Spencer Smith, Lauren Spencer Smith",3,0,Pop,349585590,5380546,2235,65,7,70,16,6,Canada
2021-03-19,Ghost,Justin Bieber,1,24,Pop,1167330737,6698200,5866,107,38,95,0,,Canada
2015-11-09,Love Yourself,Justin Bieber,1,5,Pop,2123309722,2188178,22730,289,87,2430,0,36,Canada
2022-03-31,When You're Gone,Shawn Mendes,1,0,Pop,255120451,4518298,2092,75,11,44,0,14,Canada
2020-03-20,Save Your Tears (with Ariana Grande) (Remix),"Ariana Grande, The Weeknd",2,5,Pop,1221813483,5142009,9161,240,98,468,3,10,Canada
2023-06-02,Popular (with Playboi Carti & Madonna) - The Idol Vol. 1 (Music from the HBO Original Series),"The Weeknd, Madonna, Playboi Carti",3,87,Pop,115364561,5420196,1945,74,182,87,14,1093,Canada
2020-04-17,you broke me first,Tate McRae,1,0,Pop,1180094974,2602763,6638,167,19,318,0,1,Canada
2022-04-29,Honest (feat. Don Toliver),"Justin Bieber, Don Toliver",2,0,Pop,106919680,2442031,1351,26,1,17,0,0,Canada
2022-02-04,she's all i wanna be,Tate McRae,1,0,Pop rock,343197054,1159428,2711,105,12,51,0,12,Canada
2016-09-23,There's Nothing Holdin' Me Back,Shawn Mendes,1,0,Pop rock,1714490998,4096612,12382,229,57,1370,2,71,Canada
2023-05-19,Cheques,Shubh,1,8,Punjabi hip-hop,47956378,6293464,67,7,10,0,0,57,Canada
2018-03-29,Call Out My Name,The Weeknd,1,6,R&B,1449799467,6387600,11087,151,107,801,1,105,Canada
2022-01-07,Best Friends,The Weeknd,1,0,R&B,101114984,6386843,1292,3,18,14,0,0,Canada
2021-03-19,Peaches (feat. Daniel Caesar & Giveon),"Justin Bieber, Daniel Caesar, Giveon",3,0,R&B,1445941661,3252166,14140,231,52,612,6,,Canada
2016-11-25,Reminder,The Weeknd,1,17,R&B,684675814,6320673,6518,45,85,238,1,47,Canada
2016-09-21,Starboy,"The Weeknd, Daft Punk",2,79,R&B,2565529693,4367298,29536,281,137,2445,1,140,Canada
2023-04-21,Double Fantasy (with Future),"The Weeknd, Future",2,0,R&B,96180277,2264316,1169,36,65,28,0,0,Canada
2021-12-10,The Color Violet,Tory Lanez,1,32,R&B,415932686,8465611,2585,3,79,21,1,54,Canada
2016-11-24,Stargirl Interlude,"The Weeknd, Lana Del Rey",2,32,R&B,611700552,7910702,1275,13,8,5,0,1,Canada
2022-01-07,I Heard You're Married (feat. Lil Wayne),"The Weeknd, Lil Wayne",2,0,R&B,91656026,7432867,1178,9,10,9,0,0,Canada
2018-03-29,I Was Never There,"The Weeknd, Gesaffelstein",2,15,R&B,705469769,6029543,4188,30,70,142,0,27,Canada
2015-05-27,The Hills,The Weeknd,1,4,R&B,1947371785,6380084,25744,122,94,1992,0,18,Canada
2022-11-04,Die For You,Joji,1,0,R&B,246390068,3301347,1703,38,45,36,16,0,Canada
2020-02-19,After Hours,The Weeknd,1,6,R&B,698086140,3347693,8084,45,115,218,1,221,Canada
2016-11-24,Die For You,The Weeknd,1,59,R&B,1647990401,7476887,2483,68,21,24,0,259,Canada
2022-01-07,Is There Someone Else?,The Weeknd,1,6,R&B,391251368,4491971,2881,13,89,34,0,3,Canada
2022-01-07,A Tale By Quincy,The Weeknd,1,0,Spoken word,41924466,3355993,733,0,2,2,0,0,Canada
2022-01-07,Phantom Regret by Jim,The Weeknd,1,0,Spoken word,31959571,7332091,768,1,1,3,0,0,Canada
2022-01-07,Less Than Zero,The Weeknd,1,0,Synth-pop,200660871,5426643,2800,18,77,61,0,1,Canada
2022-01-07,Gasoline,The Weeknd,1,0,Synth-pop,116903579,6131592,2297,11,29,14,0,0,Canada
2019-11-29,Blinding Lights,The Weeknd,1,69,Synth-pop,3703895074,2553984,43899,672,199,3421,20,,Canada
2021-08-06,Take My Breath,The Weeknd,1,0,Synth-pop,432702334,4586215,6392,174,73,344,0,0,Canada
2022-01-07,Out of Time,The Weeknd,1,0,Synth-pop,339659802,7853001,3711,49,88,62,0,,Canada
2022-01-07,Starry Eyes,The Weeknd,1,0,Synth-pop,74601456,2717112,1014,1,17,11,0,0,Canada
2022-01-07,Dawn FM,The Weeknd,1,0,Synth-pop,53933526,7175350,811,1,8,6,0,0,Canada
2022-01-07,Every Angel is Terrifying,The Weeknd,1,,Synth-pop,37307967,1297061,715,0,1,2,0,0,Canada
2020-03-20,Save Your Tears,The Weeknd,1,13,Synth-pop,1591223784,1961503,12688,197,115,112,0,200,Canada
2022-01-07,Sacrifice,The Weeknd,1,0,Synth-pop,326792833,7726159,4440,81,77,133,0,,Canada
2022-01-07,How Do I Make You Love Me?,The Weeknd,1,0,Synth-pop,119238316,4501584,1915,7,47,15,0,0,Canada
2019-01-11,Lost in the Fire,"The Weeknd, Gesaffelstein",2,2,Synth-pop,686734357,6002262,7731,110,145,447,0,46,Canada
2021-08-06,Take My Breath,The Weeknd,1,0,Synth-pop,130655803,1119309,2597,17,80,38,0,0,Canada
2022-08-18,BABY OTAKU,"Fran C, Polima WestCoast, Nickoog Clk, Pablito Pesadilla",4,0,Chilean trap,159240673,6026926,836,14,1,13,0,0,Chile
2022-02-14,ULTRA SOLO,"Polima WestCoast, Pailita",2,0,Latin trap,307752576,3833877,1367,48,4,34,1,0,Chile
2022-06-16,ULTRA SOLO REMIX,"De La Ghetto, Feid, Polima WestCoast, Paloma Mami, Pailita",5,0,Latin trap,279717388,8090551,2341,37,2,38,2,0,Chile
2022-05-26,La Bachata,Manuel Turizo,1,45,Bachata,1214083358,3894522,6804,139,111,161,15,210,Colombia
2021-10-22,Tacones Rojos,Sebastian Yatra,1,9,Latin pop,510876816,4421880,3047,77,31,85,5,28,Colombia
2021-11-19,Dos Oruguitas,Sebastian Yatra,1,0,Latin pop,167076418,7423770,925,24,47,74,0,0,Colombia
2023-02-24,MIENTRAS ME CURO DEL CORA,Karol G,1,35,Latin pop,206399629,1397395,1020,15,26,30,6,0,Colombia
2022-04-01,LA INOCENTE,"Feid, Mora",2,37,Reggaeton,477033549,7402588,2598,28,57,43,8,85,Colombia
2023-07-13,QUEMA,"Sog, Ryan Castro, Peso Pluma",3,31,Reggaeton,11599388,4214662,437,17,29,26,3,208,Colombia
2022-04-21,Te Felicito,"Shakira, Rauw Alejandro",2,9,Reggaeton,606361689,5937798,4796,124,66,212,13,1,Colombia
2023-03-17,REMIX EXCLUSIVO,Feid,1,9,Reggaeton,117206995,7989475,1235,20,8,15,0,6,Colombia
2022-04-21,PROVENZA,Karol G,1,34,Reggaeton,885093467,6966778,6587,114,104,147,11,20,Colombia
2021-04-30,Jordan,Ryan Castro,1,2,Reggaeton,394030335,3076130,2844,29,2,35,1,0,Colombia
2022-10-20,En La De Ella,"Feid, Sech, Jhayco",3,0,Reggaeton,133895612,6773043,1320,29,26,17,0,0,Colombia
2022-12-02,CHORRITO PA LAS ANIMAS,Feid,1,36,Reggaeton,345031710,1054764,2321,29,65,34,5,3,Colombia
2023-06-08,POLARIS - Remix,"Feid, Mora, Saiko, Quevedo",4,33,Reggaeton,57312735,7948655,773,20,46,21,8,99,Colombia
2022-02-10,MAMIII,"Karol G, Becky G",2,28,Reggaeton,716591492,2838411,6809,151,102,175,5,29,Colombia
2022-09-13,Lady Mi Amor,Feid,1,0,Reggaeton,53987404,7512111,330,3,0,2,0,0,Colombia
2022-03-18,Pantysito,"Feid, Alejo, Robi",3,0,Reggaeton,273005485,7500786,2995,49,17,30,0,0,Colombia
2023-02-02,X SI VOLVEMOS,"Karol G, Romeo Santos",2,33,Reggaeton,266624541,6778924,2127,45,80,53,8,4,Colombia
2021-07-08,Sobrio,Maluma,1,10,Reggaeton,513643924,3386819,3506,103,76,100,1,1,Colombia
2023-06-02,El Cielo,"Feid, Myke Towers, Sky Rompiendo",3,38,Reggaeton,107753850,8760891,1298,44,64,57,10,110,Colombia
2023-02-24,AMARGURA,Karol G,1,39,Reggaeton,153372011,4945945,1133,14,71,23,10,176,Colombia
2023-02-23,TQG,"Karol G, Shakira",2,49,Reggaeton,618990393,3464535,4284,115,123,184,18,354,Colombia
2023-04-04,Las Morras,"BLESSD, Peso Pluma",2,8,Reggaeton,127026613,8171349,291,8,78,4,1,1,Colombia
2022-07-08,Normal,Feid,1,36,Reggaeton,459276435,6286315,2461,47,66,45,5,6,Colombia
2022-09-13,Prohibidox,Feid,1,12,Reggaeton,185392587,5283123,1473,25,36,25,1,0,Colombia
2022-06-03,Ferxxo 100,Feid,1,30,Reggaeton,278920007,2939499,1647,20,49,23,2,2,Colombia
2023-07-14,S91,Karol G,1,41,Reggaeton,16011326,7624098,525,34,115,39,6,216,Colombia
2023-03-31,Classy 101,"Feid, Young Miko",2,40,Reggaeton,335222234,6456333,2610,43,100,54,14,187,Colombia
2021-12-17,Mujeriego,Ryan Castro,1,0,Reggaeton,231996128,2003358,1492,44,63,91,0,24,Colombia
2022-11-13,CAIRO,"Karol G, Ovy On The Drums",2,26,Reggaeton,294352144,5152397,2418,52,66,55,1,16,Colombia
2022-03-04,Bam Bam (feat. Ed Sheeran),"Camila Cabello, Ed Sheeran",2,4,Latin pop,756907987,7860258,6111,185,40,492,9,35,Cuba
2022-03-18,Crazy What Love Can Do,"David Guetta, Ella Henderson, Becky Hill",3,0,Dance,286739476,4342968,5290,139,73,142,0,5,France
2023-04-06,Baby Don't Hurt Me,"David Guetta, Anne-Marie, Coi Leray",3,66,Dance,177740666,7107144,4277,145,111,213,11,810,France
2013-01-01,Get Lucky - Radio Edit,"Pharrell Williams, Nile Rodgers, Daft Punk",3,0,Funk,933815613,5906167,52898,203,1,8215,0,0,France
2015-06-22,Makeba,Jain,1,53,Pop,165484133,7159285,6060,150,148,2703,22,1451,France
2022-06-16,Don't You Worry,"David Guetta, Shakira, Black Eyed Peas",3,0,Pop,240918092,2773298,2442,81,4,248,1,6,France
1982-05-16,Miss You,Southstar,1,0,Dance,154356956,7807270,2020,77,10,119,0,40,Germany
2022-08-05,Miss You,"Robin Schulz, Oliver Tree",2,10,Dance,497225336,5405010,5730,108,16,197,3,165,Germany
2019-06-28,Tom's Diner,"AnnenMayKantereit, Giant Rooks",2,0,Indie pop,236872197,2748330,2605,15,48,50,0,3,Germany
2021-09-16,Sad Girlz Luv Money Remix (feat. Kali Uchis),"Kali Uchis, Amaarae, Moliy",3,0,Afrobeats,354065229,6575753,3643,69,3,70,0,3,Ghana
2022-07-17,"Kesariya (From ""Brahmastra"")","Pritam, Arijit Singh, Amitabh Bhattacharya",3,6,Bollywood,366599607,3163708,292,26,98,4,0,0,India
2022-12-12,"Besharam Rang (From ""Pathaan"")","Vishal-Shekhar, Shilpa Rao, Caralisa Monteiro, Kumaar, Vishal Dadlani, Shekhar Ravjiani",6,4,Bollywood,140187018,1936946,130,21,79,2,0,0,India
2022-12-22,Jhoome Jo Pathaan,"Arijit Singh, Vishal Dadlani, Sukriti Kakar, Vishal-Shekhar, Shekhar Ravjiani, Kumaar",6,4,Bollywood,1365184,6602768,138,13,78,2,0,0,India
2022-11-05,"Apna Bana Le (From ""Bhediya"")","Arijit Singh, Sachin-Jigar",2,0,Bollywood,139836056,7021208,86,11,101,0,0,48,India
2023-05-15,"Phir Aur Kya Chahiye (From ""Zara Hatke Zara Bachke"")","Arijit Singh, Sachin-Jigar, Amitabha Bhattacharya",3,6,Bollywood,64533040,3747351,178,6,71,1,0,31,India
2023-05-22,"Tere Vaaste (From ""Zara Hatke Zara Bachke"")","Sachin-Jigar, Shadab Faridi, Altamash Faridi, Amitabh Bhattacharya, Varun Jain",5,8,Bollywood,54225632,6953068,182,3,88,1,0,52,India
2022-10-12,Maan Meri Jaan,King,1,6,Pop,319566866,4942277,288,11,80,1,0,8,India
2022-09-29,Obsessed,"Abhijay Sharma, Riar Saab",2,6,Punjabi pop,71007139,4004325,161,10,79,2,0,42,India
2020-07-24,Excuses,"Intense, AP Dhillon, Gurinder Gill",3,4,Punjabi pop,327498031,2816072,272,7,21,2,0,0,India
2023-01-23,Sial,Mahalini,1,4,Pop,166570053,1824533,134,4,6,0,0,23,Indonesia
2022-03-03,Hati-Hati di Jalan,Tulus,1,2,Pop,202677468,7700274,200,12,4,0,0,0,Indonesia
2022-05-13,Tak Ingin Usai,Keisya Levronka,1,4,Pop,184807630,2645476,220,16,5,0,0,6,Indonesia
2022-12-02,Tak Segampang Itu,Anggi Marito,1,6,Pop,179659294,3381390,213,7,6,0,0,48,Indonesia
2022-08-16,Komang,Raim Laode,1,4,Pop,137123880,4389214,158,5,6,1,1,18,Indonesia
2021-08-10,Every Summertime,NIKI,1,2,R&B,290228626,2643038,1211,30,2,5,0,6,Indonesia
2013-09-13,Take Me To Church,Hozier,1,31,Indie rock,2135158446,7256696,23804,187,99,4623,1,0,Ireland
2023-02-17,Heaven,Niall Horan,1,2,Pop,144584800,4538543,1553,61,6,48,0,150,Ireland
2021-05-07,Thunder,"Prezioso, Gabry Ponte, LUM!X",3,10,Dance,422691058,3393833,4846,54,16,259,0,13,Italy
2022-02-02,Brividi,"Mahmood, Blanco",2,0,Pop,135079152,6554322,1175,34,1,31,0,0,Italy
2022-04-22,Beautiful Girl,Luciano,1,4,Dancehall,160035717,1593131,710,16,11,18,0,0,Jamaica
2016-11-18,No Lie,"Sean Paul, Dua Lipa",2,0,Dancehall,956865266,3612400,7370,92,127,1219,0,62,Jamaica
2018-09-12,SLOW DANCING IN THE DARK,Joji,1,0,Alternative R&B,1122364376,2699923,10211,38,79,65,0,1,Japan
2022-06-10,Glimpse of Us,Joji,1,6,Alternative R&B,988515741,2434062,6330,109,42,158,3,31,Japan
2022-10-12,KICK BACK,Kenshi Yonezu,1,4,J-pop,210038833,2009624,574,38,101,26,0,0,Japan
2022-01-10,The Rumbling (TV Size),SiM,1,0,J-rock,71014967,5922471,254,0,4,23,0,0,Japan
2022-02-18,Belly Dancer,"BYOR, Imanbek",2,13,EDM,383835984,3380441,5115,109,38,301,1,33,Kazakhstan
2023-01-13,Fin de Semana,"Oscar Maydon, Junior H",2,14,Corridos tumbados,307370144,5836808,592,11,84,6,1,30,Mexico
2023-06-30,Mi Bello Angel,Natanael Cano,1,8,Corridos tumbados,31873544,8209238,86,7,76,3,1,93,Mexico
2023-02-10,El Azul,"Junior H, Peso Pluma",2,25,Corridos tumbados,354495408,3595953,692,10,107,6,3,62,Mexico
2023-01-23,PRC,"Natanael Cano, Peso Pluma",2,26,Corridos tumbados,436027885,7143216,961,19,143,10,6,15,Mexico
2023-06-22,LUNA,"Junior H, Peso Pluma",2,11,Corridos tumbados,55842345,1717593,201,19,117,8,1,74,Mexico
2022-11-24,AMG,"Natanael Cano, Gabito Ballesteros, Peso Pluma",3,19,Corridos tumbados,463564958,8123858,995,12,117,9,5,3,Mexico
2021-06-11,Por las Noches,Peso Pluma,1,24,Corridos tumbados,330346424,3739768,457,8,116,4,3,2,Mexico
2022-08-15,Siempre Pendientes,"Peso Pluma, Luis R Conriquez",2,5,Corridos tumbados,295152154,7158907,685,15,79,4,2,0,Mexico
2023-06-22,LADY GAGA,"Gabito Ballesteros, Junior H, Peso Pluma",3,26,Corridos tumbados,86444842,6452995,332,11,163,10,4,0,Mexico
2023-01-27,El Gordo Trae El Mando,Chino Pacas,1,21,Corridos tumbados,255932395,1078549,539,7,71,4,2,13,Mexico
2022-12-24,En Paris,"El Chachito, Junior H",2,5,Corridos tumbados,198275403,6744187,406,3,31,2,1,0,Mexico
2023-05-26,Bye,Peso Pluma,1,14,Corridos tumbados,95053634,6776344,324,13,110,8,2,60,Mexico
2019-11-07,San Lucas,Kevin Kaarl,1,1,Indie folk,244891912,5400474,407,5,0,5,0,0,Mexico
2023-03-04,Shorty Party,"Cartel De Santa, La Kelly",2,12,Latin hip-hop,162887075,4823840,432,8,14,12,2,33,Mexico
2022-10-26,Malas Decisiones,Kenia OS,1,2,Latin pop,156214700,6333549,542,23,2,21,0,0,Mexico
2023-03-17,La Bebe - Remix,"Peso Pluma, Yng Lvcas",2,44,Reggaeton,553634067,5586506,2953,49,110,66,13,339,Mexico
2022-10-03,Gatita,Bellakath,1,0,Reggaeton,168684524,3469822,1054,9,0,15,0,1,Mexico
2021-12-24,La Bebe,Yng Lvcas,1,17,Reggaeton,191945597,5615912,489,4,11,5,1,2,Mexico
2023-03-16,Ella Baila Sola,"Eslabon Armado, Peso Pluma",2,50,Regional Mexican,725980112,1892693,3090,34,222,43,13,418,Mexico
2023-02-03,Di Que Si,"Grupo Marca Registrada, Grupo Frontera",2,10,Regional Mexican,147290338,7230461,356,4,64,4,2,37,Mexico
2023-06-28,TULUM,"Peso Pluma, Grupo Frontera",2,34,Regional Mexican,52294266,2869874,266,20,185,13,8,197,Mexico
2022-02-18,Ya No Somos Ni Seremos,Christian Nodal,1,16,Regional Mexican,319757142,2153574,866,27,84,32,7,11,Mexico
2022-02-18,JGL,"Luis R Conriquez, La Adictiva",2,9,Regional Mexican,323455692,8174616,782,15,33,6,1,0,Mexico
2022-07-22,El Rescate,"Grupo Marca Registrada, Junior H",2,4,Regional Mexican,287278853,6364406,527,10,43,3,1,0,Mexico
2022-05-13,En El Radio Un Cochinero,Victor Cibrian,1,0,Regional Mexican,164856284,4809507,514,5,36,1,0,0,Mexico
2022-12-09,Que Vuelvas,"Carin Leon, Grupo Frontera",2,26,Regional Mexican,2762,8110201,763,21,110,21,9,71,Mexico
2022-04-20,Primera Cita,Carin Leon,1,27,Regional Mexican,77309611,2698226,266,6,40,6,6,202,Mexico
2019-03-07,Arcade,Duncan Laurence,1,0,Pop,991336132,6181977,6646,107,47,584,1,,Netherlands
2022-05-12,Last Last,Burna Boy,1,12,Afrobeats,293466523,8555295,4526,156,275,150,3,128,Nigeria
2022-11-04,Alone,Burna Boy,1,2,Afrobeats,96007391,6728037,782,27,18,32,1,0,Nigeria
2019-08-30,Love Nwantiti - Remix,"Ckay, AX'EL, Dj Yo!",3,,Afrobeats,540539717,8725160,2696,42,2,57,0,,Nigeria
2021-12-23,Peru,"Ed Sheeran, Fireboy DML",2,0,Afrobeats,261286503,5930788,2999,60,17,154,0,22,Nigeria
2022-06-10,KU LO SA - A COLORS SHOW,Oxlade,1,8,Afrobeats,222410722,2352439,2019,117,72,107,1,7,Nigeria
2019-07-26,love nwantiti (ah ah ah),Ckay,1,2,Afrobeats,726837877,2468710,5669,74,0,262,14,,Nigeria
2018-11-21,we fell in love in october,girl in red,1,0,Indie pop,723043854,5476124,6858,31,21,15,0,4,Norway
1984-10-19,Take On Me,a-ha,1,17,Synth-pop,1479115056,7451979,44927,34,0,5108,6,0,Norway
2022-05-31,Kahani Suno 2.0,Kaifi Khalil,1,6,Pop,156777415,1740150,162,1,10,1,0,1,Pakistan
2022-02-06,Pasoori,"Shae Gill, Ali Sethi",2,6,Sufi pop,284249832,6829928,349,10,22,3,0,0,Pakistan
2021-07-08,Volando - Remix,"Sech, Bad Bunny, Mora",3,19,Reggaeton,610045621,2011518,3272,101,34,70,1,2,Panama
2022-05-06,Andrea,"Buscabulla, Bad Bunny",2,0,Latin indie,344055883,5848183,1195,8,30,13,1,1,Puerto Rico
2020-11-02,Todo De Ti,Rauw Alejandro,1,8,Latin pop,1168642797,6721865,11975,188,75,268,6,16,Puerto Rico
2022-03-03,"Residente: Bzrp Music Sessions, Vol. 49","Residente, Bizarrap",2,0,Latin rap,94616487,4265182,461,7,11,13,0,0,Puerto Rico
2022-03-31,Si Quieren Frontear,"De La Ghetto, Duki, Quevedo",3,0,Latin trap,178512385,3841850,859,14,0,11,0,0,Puerto Rico
2023-06-23,BABY HELLO,"Rauw Alejandro, Bizarrap",2,35,Latin trap,54266102,3670203,1004,42,80,58,3,169,Puerto Rico
2022-11-30,La Jumpa,"Arcangel, Bad Bunny",2,34,Latin trap,538115192,1443757,3794,47,77,53,10,8,Puerto Rico
2020-12-18,Caile,Luar La L,1,2,Latin trap,273914335,2797126,1494,17,12,15,0,0,Puerto Rico
2023-05-18,WHERE SHE GOES,Bad Bunny,1,50,Latin trap,303236322,4386478,3133,84,133,87,15,425,Puerto Rico
2022-06-08,"Villano Antillano: Bzrp Music Sessions, Vol. 51","Bizarrap, Villano Antillano",2,0,Latin trap,248511839,4012549,1401,26,16,17,0,1,Puerto Rico
2023-03-17,Coco Chanel,"Bad Bunny, Eladio Carrion",2,38,Latin trap,250305248,5560446,1962,28,89,29,5,82,Puerto Rico
2023-05-04,Mejor Que Yo,"Mambo Kingz, DJ Luian, Anuel Aa",3,1,Latin trap,50847624,6675451,675,9,13,11,0,1,Puerto Rico
2022-05-06,Agosto,Bad Bunny,1,0,Reggaeton,246127838,4940529,897,6,20,8,0,0,Puerto Rico
2021-06-24,AM Remix,"J Balvin, Nio Garcia, Bad Bunny",3,0,Reggaeton,528544703,8454029,6556,93,5,67,1,0,Puerto Rico
2022-05-06,Dos Mil 16,Bad Bunny,1,3,Reggaeton,338422004,1532080,892,10,24,11,0,0,Puerto Rico
2019-05-31,Callaita,"Bad Bunny, Tainy",2,15,Reggaeton,1304313953,6990936,9539,162,116,355,7,0,Puerto Rico
2022-05-06,Moscow Mule,Bad Bunny,1,33,Reggaeton,909001996,1459555,4572,74,113,85,9,2,Puerto Rico
2021-10-05,Lo Siento BB:/ (with Bad Bunny & Julieta Venegas),"Julieta Venegas, Bad Bunny, Tainy",3,26,Reggaeton,775542072,8990379,3423,61,65,53,6,0,Puerto Rico
2020-02-29,La Zona,Bad Bunny,1,0,Reggaeton,312622938,3775590,1188,13,1,15,0,1,Puerto Rico
2021-09-02,Ley Seca,"Anuel Aa, Jhay Cortez",2,0,Reggaeton,355219175,4102590,2012,101,12,38,0,0,Puerto Rico
2022-12-20,Yandel 150,"Yandel, Feid",2,38,Reggaeton,585695368,2415106,3618,47,74,80,14,194,Puerto Rico
2022-05-06,Me Porto Bonito,"Chencho Corleone, Bad Bunny",2,43,Reggaeton,1440757818,3331159,8870,104,120,141,26,49,Puerto Rico
2020-10-30,Dakiti,"Bad Bunny, Jhay Cortez",2,21,Reggaeton,1763363713,3574464,11215,189,166,525,9,25,Puerto Rico
2022-07-25,LOKERA,"Brray, Rauw Alejandro, Lyanno",3,30,Reggaeton,471819764,1035366,3301,72,64,64,6,3,Puerto Rico
2022-05-06,Efecto,Bad Bunny,1,33,Reggaeton,1047480053,1621586,4004,34,65,43,6,2,Puerto Rico
2023-03-23,LALA,Myke Towers,1,48,Reggaeton,133716286,6247887,1474,48,126,58,14,382,Puerto Rico
2022-05-06,Un Verano Sin Ti,Bad Bunny,1,1,Reggaeton,283332261,8457557,1004,8,12,9,0,0,Puerto Rico
2022-12-22,Gato de Noche,"Nengo Flow, Bad Bunny",2,30,Reggaeton,304118600,2339996,2651,21,55,32,3,0,Puerto Rico
2022-05-06,Yo No Soy Celoso,Bad Bunny,1,0,Reggaeton,313113297,4764570,1179,7,21,11,0,0,Puerto Rico
2021-06-25,Desesperados,"Chencho Corleone, Rauw Alejandro",2,34,Reggaeton,809306935,6879361,6821,83,58,128,7,0,Puerto Rico
2021-06-04,Yonaguni,Bad Bunny,1,28,Reggaeton,1260594497,3365981,9644,120,86,164,4,0,Puerto Rico
2022-05-06,Tarot,"Bad Bunny, Jhay Cortez",2,20,Reggaeton,608228647,4662762,2482,27,77,22,2,0,Puerto Rico
2021-06-24,Pepas,Farruko,1,17,Reggaeton,1309887447,4365318,14114,252,109,965,20,,Puerto Rico
2004-07-13,Gasolina,Daddy Yankee,1,18,Reggaeton,657723613,7806612,6457,98,95,453,0,454,Puerto Rico
2010-01-01,Danza Kuduro,"Don Omar, Lucenzo",2,37,Reggaeton,1279434863,3766692,17138,119,81,974,1,503,Puerto Rico
2022-05-06,Un Ratito,Bad Bunny,1,6,Reggaeton,417230415,2786767,1112,7,30,13,1,1,Puerto Rico
2022-10-06,Hey Mor,"Ozuna, Feid",2,38,Reggaeton,674072710,1899106,4637,63,79,89,11,16,Puerto Rico
2023-03-02,Mas Rica Que Ayer,"Mambo Kingz, DJ Luian, Anuel Aa",3,34,Reggaeton,146409671,2484929,1208,10,41,20,0,1,Puerto Rico
2022-05-06,Me Fui de Vacaciones,Bad Bunny,1,0,Reggaeton,305650299,5617904,1443,9,11,22,1,0,Puerto Rico
2022-05-06,Party,"Bad Bunny, Rauw Alejandro",2,4,Reggaeton,614555082,3341212,3185,38,64,37,3,36,Puerto Rico
2022-05-06,Aguacero,Bad Bunny,1,0,Reggaeton,283359161,1633065,829,4,15,10,0,0,Puerto Rico
2010-07-20,Es un Secreto,Plan B,1,36,Reggaeton,540654286,6057014,492,4,3,19,0,0,Puerto Rico
2022-05-06,Un Coco,Bad Bunny,1,28,Reggaeton,403231558,2166194,1029,5,28,9,0,0,Puerto Rico
2020-02-29,A Tu Merced,Bad Bunny,1,11,Reggaeton,685071800,4974042,4214,21,20,40,0,0,Puerto Rico
2022-05-06,Neverita,Bad Bunny,1,30,Reggaeton,671365962,6133453,2590,20,64,35,6,0,Puerto Rico
2022-05-06,La Corriente,"Tony Dize, Bad Bunny",2,8,Reggaeton,479655659,3122686,1796,8,25,18,1,0,Puerto Rico
2022-09-22,PUNTO 40,"Baby Rasta, Rauw Alejandro",2,12,Reggaeton,304079786,5526636,3006,54,32,66,2,0,Puerto Rico
2020-02-29,La Santa,"Daddy Yankee, Bad Bunny",2,20,Reggaeton,759208783,8134740,4890,52,42,100,0,0,Puerto Rico
2023-06-29,MOJABI GHOST,"Tainy, Bad Bunny",2,40,Reggaeton,61245289,4576591,859,35,109,41,14,211,Puerto Rico
2004-05-04,Yo Voy (feat. Daddy Yankee),Zion & Lennox,1,2,Reggaeton,527033089,1840761,2954,18,82,0,0,5,Puerto Rico
2023-04-17,un x100to,"Bad Bunny, Grupo Frontera",2,40,Regional Mexican,505671438,1197669,2876,41,205,54,12,251,Puerto Rico
2021-11-25,METAMORPHOSIS,INTERWORLD,1,24,Phonk,357580552,6158916,1561,18,78,24,0,30,Russia
2020-01-16,Contection,"GODZZ__-, Zakaria",2,0,Phonk,1180896317,2744235,6955,65,45,398,0,1,Russia
2023-03-03,on the street (with J. Cole),"j-hope, J. Cole",2,2,Heavy metal,116599790,3986213,615,22,82,8,0,9,South Korea
2023-06-15,(It Goes Like) Nanana - Edit,Peggy Gou,1,59,House,57876440,3461847,2259,0,0,109,17,0,South Korea
2023-05-04,Don't ever say love me (feat. RM of BTS),"RM, Colde",2,0,K-R&B,34502215,4603662,105,5,9,5,0,0,South Korea
2022-12-02,Wild Flower (with youjeen),RM,1,2,K-hip-hop,135611421,3305057,353,2,74,14,0,2,South Korea
2022-07-01,MORE,j-hope,1,0,K-hip-hop,155795783,5678676,565,6,52,11,0,0,South Korea
2022-04-13,ZOOM,Jessi,1,0,K-hip-hop,136996305,5975489,608,5,29,14,0,0,South Korea
2023-04-21,Haegeum,Agust D,1,12,K-hip-hop,118810253,1442233,244,6,84,10,2,9,South Korea
2022-06-10,Run BTS,BTS,1,0,K-pop,330881149,5477581,736,5,132,17,0,3,South Korea
2022-02-15,DARARI,Treasure,1,0,K-pop,182978249,5697442,328,10,21,7,0,9,South Korea
2022-06-10,Yet To Come,BTS,1,0,K-pop,302006641,4070434,829,32,110,26,0,0,South Korea
2023-07-07,Super Shy,NewJeans,1,55,K-pop,58255150,7016313,422,37,202,21,5,168,South Korea
2022-08-01,Attention,NewJeans,1,12,K-pop,264717480,5724140,799,14,141,9,0,1,South Korea
2023-02-24,Cupid - Twin Ver.,Fifty Fifty,1,77,K-pop,496795686,2013796,2942,91,212,78,6,0,South Korea
2022-06-10,For Youth,BTS,1,0,K-pop,114546317,4618597,327,5,40,12,0,0,South Korea
2023-03-17,Set Me Free Pt.2,Jimin,1,13,K-pop,168448603,8513259,340,4,71,16,1,9,South Korea
2022-09-16,Shut Down,BLACKPINK,1,17,K-pop,482175240,5904115,1524,53,120,62,0,2,South Korea
2021-12-24,Christmas Tree,V,1,9,K-pop,317622165,3521113,509,8,106,6,0,8,South Korea
2022-04-29,That That (prod. & feat. SUGA of BTS),"PSY, Suga",2,0,K-pop,212109195,6062396,802,16,81,23,0,0,South Korea
2023-04-24,Super,SEVENTEEN,1,12,K-pop,91221625,4502825,271,16,103,9,0,55,South Korea
2021-07-09,Permission to Dance,BTS,1,2,K-pop,608334048,5459112,1801,77,134,74,0,2,South Korea
2022-01-10,Polaroid Love,ENHYPEN,1,0,K-pop,211372494,4064553,461,10,56,17,0,0,South Korea
2022-08-22,After LIKE,IVE,1,12,K-pop,265548837,2357691,767,20,129,11,0,12,South Korea
2023-05-22,Bite Me,ENHYPEN,1,69,K-pop,76767396,6620188,349,8,96,5,0,56,South Korea
2022-02-22,O.O,NMIXX,1,0,K-pop,135444283,2166249,290,9,66,10,0,0,South Korea
2023-06-09,Take Two,BTS,1,47,K-pop,118482347,8365464,674,20,106,25,4,78,South Korea
2021-10-01,The Feels,TWICE,1,0,K-pop,345903614,8744804,1150,20,99,44,0,2,South Korea
2022-05-02,FEARLESS,LE SSERAFIM,1,0,K-pop,229497852,8654169,629,18,75,9,0,0,South Korea
2023-05-15,Queencard,(G)I-DLE,1,33,K-pop,96273746,1121286,451,10,126,7,0,148,South Korea
2021-12-01,ELEVEN,IVE,1,1,K-pop,247737946,1640645,521,17,89,11,0,0,South Korea
2020-08-21,Dynamite,BTS,1,5,K-pop,1692897992,3745752,8528,239,163,583,0,,South Korea
2022-04-05,Still Life,BIGBANG,1,0,K-pop,53909146,3108040,181,16,14,7,0,0,South Korea
2022-06-24,POP!,Nayeon,1,0,K-pop,213505179,7629327,571,19,21,14,0,2,South Korea
2023-04-07,People Pt.2 (feat. IU),"IU, Agust D",2,4,K-pop,95816024,6619922,209,4,45,11,2,24,South Korea
2022-12-19,Ditto,NewJeans,1,22,K-pop,397582059,5279142,1154,28,125,11,1,51,South Korea
2023-03-31,FLOWER,JISOO,1,18,K-pop,232896922,4837745,839,20,110,20,0,69,South Korea
2023-05-01,UNFORGIVEN (feat. Nile Rodgers),"Nile Rodgers, LE SSERAFIM",2,13,K-pop,92035115,2012053,327,14,110,9,0,49,South Korea
2022-08-26,Talk that Talk,TWICE,1,0,K-pop,189476119,4363557,615,14,77,15,1,2,South Korea
2019-04-12,Boy With Luv (feat. Halsey),"Halsey, BTS",2,0,K-pop,1065580332,7304378,4260,113,92,259,0,1,South Korea
2021-05-21,Butter,BTS,1,6,K-pop,1143647827,8452012,4779,180,135,223,0,5,South Korea
2022-08-19,Pink Venom,BLACKPINK,1,16,K-pop,551305895,2122853,1963,57,119,77,1,13,South Korea
2023-01-27,Sugar Rush Ride,TOMORROW X TOGETHER,1,0,K-pop,107642809,8537557,359,12,56,13,0,13,South Korea
2023-04-25,Shoong! (feat. LISA of BLACKPINK),"TAEYANG, Lisa",2,9,K-pop,76910644,3546474,351,16,90,10,0,64,South Korea
2023-04-10,I AM,IVE,1,15,K-pop,123132751,7517093,366,16,102,7,0,55,South Korea
2022-10-17,Nxde,(G)I-DLE,1,6,K-pop,170709584,7691321,430,14,116,9,0,11,South Korea
2022-09-16,Typa Girl,BLACKPINK,1,10,K-pop,235549288,5095829,452,2,129,13,0,1,South Korea
2022-03-18,MANIAC,Stray Kids,1,0,K-pop,212234990,3555344,651,6,188,20,0,0,South Korea
2022-11-20,Dreamers [Music from the FIFA World Cup Qatar 2022 Official Soundtrack],"BTS, Jung Kook, FIFA Sound",3,20,K-pop,323358833,4978027,889,11,78,35,0,21,South Korea
2023-01-13,VIBE (feat. Jimin of BTS),"TAEYANG, Jimin",2,2,K-pop,152850295,7349725,415,15,40,21,1,15,South Korea
2023-02-24,Cupid,Fifty Fifty,1,10,K-pop,139681964,8571641,526,15,93,30,0,320,South Korea
2022-02-11,Stay Alive (Prod. SUGA of BTS),Jung Kook,1,5,K-pop,246376690,1461831,590,4,113,20,0,1,South Korea
2023-03-24,Like Crazy,Jimin,1,68,K-pop,363369738,8091023,596,8,104,23,2,29,South Korea
2023-03-24,Like Crazy (English Version),Jimin,1,19,K-pop,173627354,7881394,373,4,72,5,0,5,South Korea
2023-07-07,New Jeans,NewJeans,1,35,K-pop,29562220,4928987,77,8,166,4,4,34,South Korea
2022-10-17,ANTIFRAGILE,LE SSERAFIM,1,12,K-pop,301051721,4492232,761,23,95,11,0,3,South Korea
2022-01-10,Blessed-Cursed,ENHYPEN,1,0,K-pop,77337771,7822780,246,2,12,10,0,0,South Korea
2022-06-10,Born Singer,BTS,1,0,K-pop,79095270,4845139,279,0,18,6,0,0,South Korea
2022-04-05,LOVE DIVE,IVE,1,8,K-pop,305771063,8055412,753,28,124,13,0,1,South Korea
2023-01-02,OMG,NewJeans,1,27,K-pop,430977451,2437608,1783,26,124,15,1,22,South Korea
2022-04-24,With you,"HA SUNG WOON, Jimin",2,2,K-pop,240580042,8272175,343,4,35,11,1,1,South Korea
2023-06-02,S-Class,Stray Kids,1,19,K-pop,65496046,1274739,290,9,101,5,0,73,South Korea
2022-10-28,The Astronaut,Jin,1,9,K-pop,203436468,4343383,481,10,100,15,1,27,South Korea
2020-06-05,Still With You,Jung Kook,1,39,K-pop,38411956,7179210,31,2,107,8,0,0,South Korea
2022-08-01,Hype Boy,NewJeans,1,17,K-pop,363472647,7166872,892,20,119,12,2,7,South Korea
2022-08-05,Bad Decisions (with BTS & Snoop Dogg),"Snoop Dogg, BTS, Benny Blanco",3,0,Pop,219196651,6270180,1456,53,2,33,0,0,South Korea
2023-07-14,Seven (feat. Latto) (Explicit Ver.),"Latto, Jung Kook",2,147,Pop,141381703,4082370,553,43,263,45,10,826,South Korea
2020-09-21,Mon Amour - Remix,"Aitana, zzoilo",2,2,Latin pop,578207856,8672552,3221,67,13,139,0,40,Spain
2020-10-08,Demasiadas Mujeres,C. Tangana,1,0,Latin rap,339473453,5355322,2226,36,2,11,0,14,Spain
2021-12-24,SloMo,Chanel,1,0,Pop,65719930,8033263,1211,31,0,19,0,2,Spain
2022-11-04,Punto G,Quevedo,1,35,Reggaeton,381161027,8471078,1985,34,26,37,5,1,Spain
2022-09-08,Vista Al Mar,Quevedo,1,34,Reggaeton,362361576,3875589,1769,16,19,21,3,4,Spain
2023-07-07,Columbia,Quevedo,1,43,Reggaeton,58149378,7366228,714,25,89,30,13,194,Spain
2023-04-27,Mami Chula,"Quevedo, Jhayco",2,4,Reggaeton,61105704,4916659,875,17,13,27,0,43,Spain
2023-01-20,WANDA,Quevedo,1,22,Reggaeton,175399345,2395685,888,11,24,7,1,7,Spain
2013-08-16,Ginseng Strip 2002,Yung Lean,1,0,Cloud rap,240769997,8126826,4310,13,0,113,1,3,Sweden
2013-01-01,Wake Me Up - Radio Edit,Avicii,1,34,EDM,1970673297,7405938,50887,315,160,6284,1,46,Sweden
2014-01-01,The Nights,Avicii,1,8,EDM,1456081449,7456153,17354,92,122,1282,0,55,Sweden
2021-10-22,Moth To A Flame (with The Weeknd),"The Weeknd, Swedish House Mafia",2,17,House,611994237,7368008,7495,114,172,284,2,,Sweden
2022-11-04,Con La Brisa,"Ludwig Goransson, Foudeqush",2,0,Latin,71095708,3984533,486,8,1,7,0,0,Sweden
2021-09-24,Better Days (NEIKED x Mae Muller x Polo G),"NEIKED, Mae Muller, Polo G",3,0,Pop,421040617,4727736,4091,105,2,73,13,1,Sweden
2023-02-25,Tattoo,Loreen,1,59,Pop,201660859,5667205,2988,74,102,145,18,925,Sweden
2019-09-13,Mary On A Cross,Ghost,1,2,Rock,387080183,6373026,2668,38,266,78,0,141,Sweden
2021-09-10,MONEY,Lisa,1,13,K-pop,863625566,2320654,2566,44,109,131,0,,Thailand
2022-11-04,Antidepresan,"Mabel Matiz, Mert Demir",2,2,Turkish pop,136689549,3461405,313,10,6,7,1,9,Turkey
2022-03-10,Stefania (Kalush Orchestra),KALUSH,1,0,Folk rap,53729194,7036044,555,10,4,4,0,0,Ukraine
2023-02-24,Tormenta (feat. Bad Bunny),"Gorillaz, Bad Bunny",2,0,Alternative,149778242,8246992,1529,32,18,39,2,0,United Kingdom
2022-02-04,"I'm Tired - From ""Euphoria"" An Original HBO Series",Labrinth,1,0,Alternative,121913181,4703367,1888,26,1,58,0,0,United Kingdom
2023-04-07,Never Felt So Alone,Labrinth,1,3,Alternative,117747907,3475077,1730,46,5,51,0,20,United Kingdom
2019-10-04,When I R.I.P.,Labrinth,1,0,Alternative,203680270,2392756,2578,8,67,66,0,0,United Kingdom
2019-10-04,Still Don't Know My Name,Labrinth,1,0,Alternative R&B,563902868,1647722,6332,47,116,266,0,0,United Kingdom
2019-08-04,All For Us - from the HBO Original Series Euphoria,"Labrinth, Zendaya",2,0,Alternative R&B,426204830,6792432,5342,33,123,7,0,4,United Kingdom
2000-07-10,Sparks,Coldplay,1,4,Alternative rock,624101957,2059327,10826,24,0,805,0,0,United Kingdom
2002-08-05,The Scientist,Coldplay,1,6,Alternative rock,1608164312,7890756,30992,124,25,7827,1,0,United Kingdom
2008-01-01,Viva La Vida,Coldplay,1,62,Alternative rock,1592909789,3126367,33898,233,0,4095,9,0,United Kingdom
2004-01-01,Somewhere Only We Know,Keane,1,16,Alternative rock,1089402494,3412305,20015,107,69,5239,0,558,United Kingdom
1992-09-21,Creep,Radiohead,1,7,Alternative rock,1271293243,6316146,36724,146,72,6807,5,80,United Kingdom
1984-01-01,Last Christmas,Wham!,1,0,Christmas pop,1159176109,7224008,22153,274,111,1302,0,,United Kingdom
1979-11-16,Wonderful Christmastime - Edited Version / Remastered 2011,Paul McCartney,1,0,Christmas pop,403939487,8476304,1685,1,0,29,0,0,United Kingdom
1986-01-01,Driving Home for Christmas - 2019 Remaster,Chris Rea,1,0,Christmas pop,429504768,6593931,888,50,0,6,0,0,United Kingdom
1984-01-01,Merry Christmas Everyone,Shakin' Stevens,1,0,Christmas pop,351636786,4738813,1087,90,35,5,0,0,United Kingdom
2017-11-10,Merry Christmas,"Ed Sheeran, Elton John",2,0,Christmas pop,135723538,7387090,2209,72,90,141,0,0,United Kingdom
1984-11-25,Do They Know It's Christmas? - 1984 Version,Band Aid,1,0,Christmas pop,481697415,3891081,14169,209,30,449,0,0,United Kingdom
1971-12-01,Happy Xmas (War Is Over),"John Lennon, The Harlem Community Choir, The Plastic Ono Band, Yoko Ono",4,0,Christmas rock,460492795,2148200,10829,130,1,390,0,0,United Kingdom
2021-08-13,OUT OUT (feat. Charli XCX & Saweetie),"Charli XCX, Jax Jones, Joel Corry, Saweetie",4,0,Dance,427486004,1513475,6890,122,11,201,0,1,United Kingdom
2017-06-02,One Kiss (with Dua Lipa),"Calvin Harris, Dua Lipa",2,10,Dance,1897517891,2143818,27705,537,122,2726,6,,United Kingdom
2022-07-15,"Stay With Me (with Justin Timberlake, Halsey, & Pharrell)","Calvin Harris, Halsey, Pharrell Williams, Justin Timberlake",4,0,Dance,123473120,2489568,3113,54,6,124,1,0,United Kingdom
2022-05-27,Potion (with Dua Lipa & Young Thug),"Calvin Harris, Dua Lipa, Young Thug",3,0,Dance,190625045,3169976,3983,73,45,119,0,0,United Kingdom
2022-01-26,Where Did You Go?,"MNEK, Jax Jones",2,0,Dance,300983101,6429519,4531,135,74,119,1,18,United Kingdom
2017-11-10,Cold Heart - PNAU Remix,"Dua Lipa, Elton John, Pnau",3,52,Dance-pop,1605224506,8797570,21097,384,135,1034,37,312,United Kingdom
2019-10-31,Don't Start Now,Dua Lipa,1,0,Disco pop,2303033973,6891911,27119,532,77,1535,3,8,United Kingdom
2023-05-25,Dance The Night (From Barbie The Album),Dua Lipa,1,101,Disco-pop,127408954,5310138,2988,0,0,143,38,0,United Kingdom
2023-03-10,Miracle (with Ellie Goulding),"Calvin Harris, Ellie Goulding",2,48,EDM,211050784,1549051,5120,161,115,246,9,638,United Kingdom
2019-10-04,Formula,Labrinth,1,7,Electronic,554875730,8290102,3444,24,85,102,0,1,United Kingdom
2019-10-04,Forever,Labrinth,1,0,Electronic,282883169,1050544,3618,21,86,138,0,2,United Kingdom
2019-06-21,Mount Everest,Labrinth,1,0,Electronic,467727006,7885122,5443,45,1,80,0,12,United Kingdom
2022-03-14,Ferrari,"James Hype, Miggy Dela Rosa",2,28,House,462791599,8399372,7758,173,79,175,0,168,United Kingdom
2021-01-15,Friday (feat. Mufasa & Hypeman) - Dopamine Re-Edit,"Riton, Nightcrawlers, Mufasa & Hypeman, Dopamine",4,0,House,863756573,7271843,12043,209,54,710,0,18,United Kingdom
2022-06-15,B.O.T.A. (Baddest Of Them All) - Edit,"Interplanetary Criminal, Eliza Rose",2,6,House,244585109,4130067,5153,102,53,113,12,0,United Kingdom
2022-05-02,Afraid To Feel,LF System,1,5,House,244790012,4566008,5898,129,55,128,0,101,United Kingdom
2012-10-15,Another Love,Tom Odell,1,83,Indie pop,1813673666,2391919,18371,250,122,3394,19,,United Kingdom
2017-10-20,Good Looking,Suki Waterhouse,1,0,Indie pop,184706613,4824782,2264,11,6,25,0,1,United Kingdom
2015-04-22,Atlantis,Seafret,1,6,Indie pop,571386359,1168222,3045,43,53,134,1,32,United Kingdom
2022-03-11,THE SHADE,Rex Orange County,1,6,Indie pop,244928911,6403499,1189,17,10,16,0,4,United Kingdom
2020-06-28,Heat Waves,Glass Animals,1,63,Indie pop,2557975762,8788368,22543,386,144,707,28,,United Kingdom
2013-01-01,Why'd You Only Call Me When You're High?,Arctic Monkeys,1,29,Indie rock,1267333350,5999455,23389,54,70,1089,2,1,United Kingdom
2013-01-01,I Wanna Be Yours,Arctic Monkeys,1,110,Indie rock,1297026226,1406287,12859,24,98,582,2,73,United Kingdom
2013-01-01,Do I Wanna Know?,Arctic Monkeys,1,26,Indie rock,1788326445,2664577,33783,133,92,2733,1,26,United Kingdom
2023-02-03,Boy's a liar Pt. 2,"PinkPantheress, Ice Spice",2,41,Jersey club,156338624,1726395,5184,154,84,102,14,37,United Kingdom
1985-02-17,Everybody Wants To Rule The World,Tears For Fears,1,25,New wave,1205951614,8965193,41751,101,32,2655,0,666,United Kingdom
2023-03-23,Eyes Closed,Ed Sheeran,1,30,Pop,195576623,1956320,2915,116,69,107,3,675,United Kingdom
2016-09-09,Say You Won't Let Go,James Arthur,1,16,Pop,2420461338,7587856,15722,231,37,1509,0,13,United Kingdom
2021-11-19,Oh My God,Adele,1,0,Pop,466214729,2820520,4431,105,7,199,0,0,United Kingdom
2019-12-13,Falling,Harry Styles,1,0,Pop,1023187129,6327262,7556,124,24,254,0,8,United Kingdom
2022-03-31,As It Was,Harry Styles,1,130,Pop,2513188493,3197174,23575,403,198,863,46,,United Kingdom
2014-01-01,Only Love Can Hurt Like This,Paloma Faith,1,0,Pop,588955257,2061482,5148,90,22,365,0,114,United Kingdom
2014-01-01,Thinking Out Loud,Ed Sheeran,1,0,Pop,2280566092,3181974,33032,363,129,3895,0,28,United Kingdom
2017-01-06,Shape of You,Ed Sheeran,1,10,Pop,3562543890,4299313,32181,33,0,6808,7,0,United Kingdom
2021-10-14,Easy On Me,Adele,1,20,Pop,1406111294,7732446,10195,258,87,657,22,9,United Kingdom
2018-11-08,Someone You Loved,Lewis Capaldi,1,53,Pop,2887241814,8408827,17836,440,125,1800,0,,United Kingdom
2022-05-20,Daydreaming,Harry Styles,1,1,Pop,187703102,7543802,1900,15,1,23,0,0,United Kingdom
2022-09-22,Unholy (feat. Kim Petras),"Sam Smith, Kim Petras",2,42,Pop,1230675890,2302386,8576,216,108,331,26,154,United Kingdom
2022-05-20,Satellite,Harry Styles,1,5,Pop,311482393,4505539,3291,43,28,79,0,208,United Kingdom
2019-11-01,Before You Go,Lewis Capaldi,1,24,Pop,1608045237,6163158,8327,205,130,625,0,25,United Kingdom
2021-09-24,My Universe,"Coldplay, BTS",2,13,Pop,1061966512,4162862,6127,0,0,0,0,0,United Kingdom
2022-05-20,Cinema,Harry Styles,1,0,Pop,189236868,7697062,2171,18,1,28,0,0,United Kingdom
2022-05-20,Boyfriends,Harry Styles,1,0,Pop,137070925,4671002,1517,26,2,30,0,0,United Kingdom
2022-02-11,The Joker And The Queen (feat. Taylor Swift),"Ed Sheeran, Taylor Swift",2,0,Pop,146789379,1130135,1430,46,1,34,0,0,United Kingdom
2014-11-17,Night Changes,One Direction,1,18,Pop,1131090940,4795987,7124,60,20,2,0,,United Kingdom
2023-05-05,Curtains,Ed Sheeran,1,0,Pop,39893489,6895326,715,37,3,27,0,50,United Kingdom
2011-01-01,Set Fire to the Rain,Adele,1,43,Pop,1163620694,4350729,14739,88,112,2163,5,519,United Kingdom
2023-01-27,I'm Not Here To Make Friends,"Sam Smith, Calvin Harris, Jessie Reyez",3,0,Pop,103787664,2296238,1890,86,1,49,0,9,United Kingdom
2021-09-09,Shivers,Ed Sheeran,1,30,Pop,1302184087,1774478,10147,234,71,543,18,,United Kingdom
2022-05-20,Little Freak,Harry Styles,1,0,Pop,273194684,2307433,2302,20,3,39,0,0,United Kingdom
2022-05-20,Matilda,Harry Styles,1,3,Pop,366214458,5154676,3218,29,10,79,0,0,United Kingdom
2022-05-20,Love Of My Life,Harry Styles,1,0,Pop,233671263,6193307,1933,13,2,31,0,0,United Kingdom
2017-11-10,Hold Me Closer,"Elton John, Britney Spears",2,0,Pop,284216603,1346774,4967,165,10,177,4,73,United Kingdom
2022-09-29,Celestial,Ed Sheeran,1,0,Pop,176474912,3533833,1639,86,14,80,0,37,United Kingdom
2023-02-10,If We Ever Broke Up,Mae Stephens,1,4,Pop,165584767,4832204,2040,81,27,66,9,444,United Kingdom
2022-05-20,Grapejuice,Harry Styles,1,0,Pop,199587884,8507943,1986,7,1,15,0,0,United Kingdom
2022-09-09,Forget Me,Lewis Capaldi,1,4,Pop,239411309,8693885,2520,93,95,84,9,202,United Kingdom
2020-03-27,Levitating (feat. DaBaby),"Dua Lipa, DaBaby",2,8,Pop,1802514301,5415405,15894,198,13,544,0,60,United Kingdom
2019-12-13,Golden,Harry Styles,1,1,Pop,807015863,2977289,8429,85,24,200,0,2,United Kingdom
2022-05-20,Keep Driving,Harry Styles,1,1,Pop,236060709,2079115,2094,8,1,18,0,0,United Kingdom
2020-09-03,Bad Habits,Ed Sheeran,1,8,Pop,1555511105,1203746,12755,344,97,945,15,,United Kingdom
2010-11-29,Rolling in the Deep,Adele,1,6,Pop,1472799873,2237089,35684,195,125,6280,2,78,United Kingdom
2019-10-18,Car's Outside,James Arthur,1,10,Pop,265882712,4812397,794,38,25,61,0,263,United Kingdom
2019-12-06,Adore You,Harry Styles,1,1,Pop,1439191367,8483246,13454,246,71,519,2,5,United Kingdom
2014-06-20,Photograph,Ed Sheeran,1,3,Pop,2236667932,5324238,18778,228,105,2453,0,84,United Kingdom
2019-11-17,Watermelon Sugar,Harry Styles,1,34,Pop,2322580122,3869741,21915,437,115,1212,12,,United Kingdom
2022-05-20,Late Night Talking,Harry Styles,1,8,Pop,743693613,2135563,7461,166,42,199,16,58,United Kingdom
2020-03-27,Levitating,Dua Lipa,1,0,Pop,797196073,5370460,9833,233,82,531,1,1,United Kingdom
2017-01-01,Perfect,Ed Sheeran,1,13,Pop,2559529074,3253565,16596,7,0,2094,0,0,United Kingdom
2022-05-20,Music For a Sushi Restaurant,Harry Styles,1,1,Pop,334733572,1041777,4449,80,11,66,0,1,United Kingdom
2022-03-11,Sweetest Pie,"Dua Lipa, Megan Thee Stallion",2,0,Pop rap,299634472,1904497,3501,69,2,51,11,0,United Kingdom
2022-02-22,SPACE MAN,Sam Ryder,1,0,Pop rock,54682594,1230186,1329,42,51,32,0,0,United Kingdom
1970-01-01,Love Grows (Where My Rosemary Goes),Edison Lighthouse,1,0,Pop rock,377878327,4061483,5546,16,0,54,0,0,United Kingdom
2022-11-25,Escapism. - Sped Up,"RAYE, 070 Shake",2,0,R&B,184308753,2432426,1368,12,1,11,0,8,United Kingdom
2022-10-12,Escapism.,"RAYE, 070 Shake",2,25,R&B,532336353,3608552,5129,116,84,114,18,348,United Kingdom
1982-01-01,Pass The Dutchie,Musical Youth,1,0,Reggae,195918494,8729578,5328,54,76,900,0,0,United Kingdom
1996-11-24,Sigue,"Ed Sheeran, J Balvin",2,0,Reggaeton,106933107,2102834,1370,46,8,60,0,0,United Kingdom
1975-10-31,Bohemian Rhapsody - Remastered 2011,Queen,1,3,Rock,2197010679,3739389,40112,321,162,5691,8,17,United Kingdom
1983-01-06,Every Breath You Take - Remastered 2003,The Police,1,19,Rock,1593270737,6552512,22439,211,74,929,0,129,United Kingdom
2014-01-01,I'm Not The Only One,Sam Smith,1,3,Soul,1606986953,1776310,17492,136,24,1959,0,30,United Kingdom
2020-12-18,I Really Want to Stay at Your House,"Rosa Walton, Hallie Coggins",2,1,Synth-pop,140430339,7243247,668,0,0,31,0,,United Kingdom
1985-09-16,Running Up That Hill (A Deal With God),Kate Bush,1,0,Synth-pop,1024858327,1832626,21811,117,1,676,3,0,United Kingdom
2021-11-05,TO THE MOON,Jnr Choi,1,0,Trap,245095641,8333879,2979,44,0,159,0,0,United Kingdom
2022-12-15,LET GO,Central Cee,1,20,UK drill,298063749,5073649,2301,49,23,110,0,8,United Kingdom
2022-07-20,Doja,Central Cee,1,44,UK drill,482257456,2865125,4169,57,44,183,1,11,United Kingdom
2022-11-30,Boy's a liar,PinkPantheress,1,0,UK garage,156338624,2817956,1225,27,0,28,13,0,United Kingdom
2023-06-01,Sprinter,"Dave, Central Cee",2,91,UK rap,183706234,5031502,2186,67,213,88,17,946,United Kingdom
2022-03-03,Starlight,Dave,1,3,UK rap,229473310,5701355,1856,29,40,31,1,1,United Kingdom
2018-03-09,Softcore,The Neighbourhood,1,12,Alternative,599770206,1471634,3947,33,102,93,0,30,United States
2022-09-28,WORTH NOTHING,"Twisted, Oliver Tree",2,0,Alternative,213438580,1221828,1612,34,54,34,0,2,United States
2020-03-13,Meet Me At Our Spot,"THE ANXIETY, Willow, Tyler Cole",3,,Alternative R&B,530511203,2079388,6734,47,14,90,0,1,United States
2015-01-11,Wait a Minute!,Willow,1,0,Alternative R&B,924193303,7792660,11985,79,80,250,3,10,United States
2021-07-30,Happier Than Ever,Billie Eilish,1,0,Alternative pop,1056760045,5737293,8476,138,133,283,0,,United States
2023-03-29,VOID,Melanie Martinez,1,0,Alternative pop,67070410,5763974,596,29,9,12,0,52,United States
2022-04-07,psychofreak (feat. WILLOW),"Camila Cabello, Willow",2,0,Alternative pop,75476209,6130665,918,24,0,52,0,0,United States
2021-07-28,Happier Than Ever - Edit,Billie Eilish,1,0,Alternative pop,412795151,4782067,1959,19,0,38,0,0,United States
2020-07-17,Life Goes On,Oliver Tree,1,0,Alternative pop,501541661,8056641,2868,43,15,116,0,,United States
2022-06-24,die first,Nessa Barrett,1,0,Alternative pop,131746175,6191375,767,25,0,22,0,0,United States
2016-01-15,House Of Memories,Panic! At The Disco,1,0,Alternative pop,582863434,7498965,2948,10,2,150,0,0,United States
1998-03-31,Iris,The Goo Goo Dolls,1,9,Alternative rock,1284942608,8262886,13101,137,5,582,0,0,United States
2015-10-30,Daddy Issues,The Neighbourhood,1,4,Alternative rock,1127468248,2634614,9771,42,70,384,0,3,United States
2022-06-10,Numb,"Marshmello, Khalid",2,2,Alternative rock,295307001,5409588,3879,107,76,86,1,9,United States
2000-10-24,In The End,Linkin Park,1,6,Alternative rock,1624165576,4552573,25065,63,0,6808,2,0,United States
2022-12-09,F2F,SZA,1,0,Alternative rock,67540165,4991676,989,5,9,1,0,0,United States
2003-03-24,Numb,Linkin Park,1,5,Alternative rock,1361425037,3049716,20111,39,0,7341,0,0,United States
1946-11-01,The Christmas Song (Merry Christmas To You) - Remastered 1999,Nat King Cole,1,0,Christmas jazz,389771964,3087104,11500,140,72,251,0,0,United States
2013-10-25,Underneath the Tree,Kelly Clarkson,1,0,Christmas pop,485285717,4278371,6596,144,99,251,0,0,United States
2013-12-13,Santa Tell Me,Ariana Grande,1,0,Christmas pop,834129063,1236328,9408,231,106,439,0,,United States
1959-11-16,Let It Snow! Let It Snow! Let It Snow!,Dean Martin,1,0,Christmas pop,446390129,4277985,6512,88,1,277,0,0,United States
1994-10-28,All I Want for Christmas Is You,Mariah Carey,1,0,Christmas pop,1449779435,4490744,25653,387,132,2094,0,,United States
2000-11-07,My Only Wish (This Year),Britney Spears,1,0,Christmas pop,261116938,7699876,6952,115,53,286,0,0,United States
2005-09-20,You Make It Feel Like Christmas (feat. Blake Shelton),"Gwen Stefani, Blake Shelton",2,0,Christmas pop,180577478,2616615,2577,108,56,30,0,0,United States
1963-11-22,Sleigh Ride,The Ronettes,1,0,Christmas pop,404664135,6900582,10114,114,74,262,0,0,United States
1950-01-01,Let It Snow! Let It Snow! Let It Snow!,"Frank Sinatra, B. Swanson Quartet",2,0,Christmas pop,473248298,8753775,10585,126,108,406,0,0,United States
1963-10-14,It's the Most Wonderful Time of the Year,Andy Williams,1,0,Christmas pop,663832097,5350503,8879,182,107,160,0,1,United States
1958-01-01,It's Beginning to Look a Lot Like Christmas (with Mitchell Ayres & His Orchestra),"Perry Como, The Fontane Sisters, Mitchell Ayres & His Orchestra",3,0,Christmas pop,295998468,1291434,6290,89,39,158,0,0,United States
1957-01-01,Jingle Bell Rock,Bobby Helms,1,0,Christmas rock,741301563,6372609,10326,165,99,104,0,,United States
1963-11-22,Christmas (Baby Please Come Home),Darlene Love,1,0,Christmas rock,242767149,3867590,9122,121,58,212,0,0,United States
1958-01-01,Rockin' Around The Christmas Tree,Brenda Lee,1,0,Christmas rock,769213520,8576945,14994,191,168,206,0,,United States
1959-01-01,Deck The Hall - Remastered 1999,Nat King Cole,1,0,Christmas traditional,127027715,8167749,3299,65,39,41,0,0,United States
1957-01-01,Jingle Bells - Remastered 1999,Frank Sinatra,1,0,Christmas traditional,178660459,3092002,4326,32,3,65,0,0,United States
1952-01-01,A Holly Jolly Christmas - Single Version,Burl Ives,1,0,Christmas traditional,395591396,4002890,7930,108,120,73,0,0,United States
1942-01-01,White Christmas,"Bing Crosby, John Scott Trotter & His Orchestra, Ken Darby Singers",3,0,Christmas traditional,395591396,6909746,11940,73,79,123,0,0,United States
2022-12-01,Ch y la Pizza,"Fuerza Regida, Natanael Cano",2,10,Corridos tumbados,288101651,6794169,536,10,72,8,3,14,United States
2023-01-31,I Wrote The Book,Morgan Wallen,1,0,Country,83021468,2841488,430,15,17,0,0,0,United States
2023-01-31,Last Night,Morgan Wallen,1,19,Country,429829812,3252628,2420,52,107,15,1,325,United States
2022-12-02,One Thing At A Time,Morgan Wallen,1,4,Country,148469433,2840055,811,11,58,5,0,21,United States
2022-04-22,Something in the Orange,Zach Bryan,1,12,Country,449701773,6107898,3282,67,84,46,16,117,United States
2023-03-03,Born With A Beer In My Hand,Morgan Wallen,1,0,Country,34450974,3746522,203,5,9,0,0,0,United States
2023-01-31,Everything I Love,Morgan Wallen,1,0,Country,95623148,3546129,579,11,54,0,0,103,United States
2022-05-06,Thought You Should Know,Morgan Wallen,1,4,Country,203221468,6402604,968,16,53,1,0,61,United States
2023-03-24,Fast Car,Luke Combs,1,12,Country,157058870,8499304,1446,57,97,35,0,429,United States
2023-03-03,Man Made A Bar (feat. Eric Church),"Morgan Wallen, Eric Church",2,0,Country,58890931,3970396,329,14,35,1,0,0,United States
2022-05-13,You Proof,Morgan Wallen,1,9,Country,367814306,3575524,2128,37,88,9,0,14,United States
2023-07-07,Mine (Taylor's Version),Taylor Swift,1,15,Country pop,36912123,8943060,99,21,52,6,1,0,United States
2023-07-07,Back To December (Taylor's Version),Taylor Swift,1,17,Country pop,39228929,6063105,139,16,72,5,0,8,United States
2022-08-26,I'm Good (Blue),"Bebe Rexha, David Guetta",2,80,Dance,1109433169,5165382,12482,291,184,537,45,727,United States
2022-10-21,Snow On The Beach (feat. Lana Del Rey),"Taylor Swift, Lana Del Rey",2,0,Dream pop,323437194,5282587,2415,33,57,30,0,11,United States
2015-01-01,Space Song,Beach House,1,4,Dream pop,789753877,4765423,17852,69,76,335,0,,United States
2023-03-17,Say Yes To Heaven,Lana Del Rey,1,46,Dream pop,127567540,5243367,2000,49,105,63,1,0,United States
2017-03-21,Apocalypse,Cigarettes After Sex,1,17,Dream pop,841749534,1323431,13091,61,96,790,2,116,United States
2023-05-26,Snow On The Beach (feat. More Lana Del Rey),"Lana Del Rey, Taylor Swift",2,2,Dream pop,60350538,1166211,359,1,0,9,0,0,United States
2022-01-17,Rumble,"Skrillex, Flowdan, Fred again..",3,0,Dubstep,78489819,7741272,2849,39,45,27,0,1,United States
2022-10-14,Bye Bye,"Marshmello, Juice WRLD",2,0,EDM,84697729,8143341,766,16,0,9,0,0,United States
2016-05-31,Closer,"The Chainsmokers, Halsey",2,0,EDM,2591224264,5831523,28032,315,159,2179,0,44,United States
2017-02-22,Something Just Like This,"The Chainsmokers, Coldplay",2,21,EDM,2204080728,6523480,23375,336,188,2692,3,30,United States
2018-03-16,Hope,XXXTENTACION,1,0,Emo rap,1200808494,6824324,3659,11,10,267,0,7,United States
2017-06-15,Lucid Dreams,Juice WRLD,1,0,Emo rap,2288695111,8949659,14749,188,34,710,0,5,United States
2021-12-10,Cigarettes,Juice WRLD,1,0,Emo rap,185408548,7717973,975,11,0,10,0,0,United States
2016-11-10,Me and Your Mama,Childish Gambino,1,0,Funk,445590495,4944285,8775,33,60,107,1,0,United States
1986-03-03,Master of Puppets (Remastered),Metallica,1,0,Grunge,704171068,1024668,6080,112,198,406,1,0,United States
2021-04-09,RAPSTAR,Polo G,1,0,Heavy metal,797402345,5347552,4731,141,12,78,0,0,United States
2022-05-13,United In Grief,Kendrick Lamar,1,0,Heavy metal,156898322,3184472,2575,4,5,12,0,51,United States
2022-05-13,Rich - Interlude,Kendrick Lamar,1,0,Heavy metal,41210087,5264430,1103,0,0,0,0,0,United States
2002-05-26,Till I Collapse,"Eminem, Nate Dogg",2,0,Heavy metal,1695712020,1486311,22923,78,46,2515,1,0,United States
2022-02-25,Freaky Deaky,"Tyga, Doja Cat",2,0,Heavy metal,153240879,2762640,1729,26,1,19,0,0,United States
2002-01-01,Without Me,Eminem,1,43,Heavy metal,1687664027,1663974,21081,98,76,3889,5,0,United States
2022-08-05,STAYING ALIVE (feat. Drake & Lil Baby),"Drake, DJ Khaled, Lil Baby",3,0,Heavy metal,170732845,6485441,2107,51,1,50,0,0,United States
2023-06-02,"Annihilate (Spider-Man: Across the Spider-Verse) (Metro Boomin & Swae Lee, Lil Wayne, Offset)","Swae Lee, Lil Wayne, Offset, Metro Boomin",4,4,Heavy metal,86773632,6470158,551,13,46,20,1,10,United States
2019-05-16,NEW MAGIC WAND,"Tyler, The Creator",2,0,Heavy metal,461437791,1322961,4708,13,7,55,0,1,United States
2022-02-04,Do We Have A Problem?,"Nicki Minaj, Lil Baby",2,0,Heavy metal,81350745,1338081,1064,42,1,26,0,0,United States
2022-05-13,We Cry Together,"Kendrick Lamar, Taylour Paige",2,0,Heavy metal,68895644,7513238,1635,4,1,6,0,0,United States
2022-05-13,Worldwide Steppers,Kendrick Lamar,1,0,Heavy metal,61739839,3186172,1480,1,0,5,0,0,United States
2023-06-02,Self Love (Spider-Man: Across the Spider-Verse) (Metro Boomin & Coi Leray),"Metro Boomin, Coi Leray",2,5,Heavy metal,70106975,8125634,332,18,41,5,0,19,United States
2021-10-30,Super Gremlin,Kodak Black,1,0,Heavy metal,342779426,2106751,2551,52,15,35,0,1,United States
2022-02-11,City of Gods,"Kanye West, Alicia Keys, Fivio Foreign",3,0,Heavy metal,107255472,1336403,2096,34,3,30,0,0,United States
2022-05-25,Die Young (feat. 347aidan),"Sleepy hallow, 347aidan",2,0,Heavy metal,160845341,1771212,896,19,0,15,0,0,United States
2002-01-01,In Da Club,50 Cent,1,7,Heavy metal,1202722675,4918126,30427,235,106,5221,1,35,United States
2023-02-23,Private Landing (feat. Justin Bieber & Future),"Don Toliver, Future, Justin Bieber",3,0,Heavy metal,105062254,3895305,1190,29,3,18,0,19,United States
2023-03-31,SORRY NOT SORRY,"Tyler, The Creator",2,0,Heavy metal,58473276,6083108,709,8,1,13,0,0,United States
1995-12-28,California Love - Original Version (Explicit),"Dr. Dre, 2Pac, Roger",3,0,Heavy metal,579395142,2828618,18773,128,17,1663,0,0,United States
2023-03-17,Area Codes,"Kaliii, Kaliii",2,13,Heavy metal,113509496,2969049,1197,44,34,25,1,171,United States
2022-02-18,Nail Tech,Jack Harlow,1,0,Heavy metal,193443895,3371670,2939,42,0,24,0,0,United States
2021-08-29,Praise God,Kanye West,1,0,Heavy metal,376333030,2542321,4651,24,6,105,0,0,United States
1995-07-11,Gangsta's Paradise,"Coolio, L.V.",2,17,Heavy metal,1357608774,5939675,10624,21,0,386,0,,United States
2022-05-27,True Love,"Kanye West, XXXTENTACION",2,0,Heavy metal,194902696,7503630,2129,23,1,44,1,0,United States
2022-10-14,California Breeze,Lil Baby,1,0,Heavy metal,85559365,3476652,991,36,38,13,0,3,United States
2013-01-01,Bound 2,Kanye West,1,7,Heavy metal,703301727,3968436,19806,33,11,274,0,0,United States
2022-08-12,Super Freaky Girl,Nicki Minaj,1,0,Heavy metal,428685680,6643902,4827,104,17,76,9,2,United States
2016-09-27,"Hey, Mickey!",Baby Tate,1,0,Heavy metal,122763672,8292846,482,9,1,12,4,3,United States
2022-05-06,Dua Lipa,Jack Harlow,1,0,Heavy metal,150500965,6347306,1992,35,0,3,0,0,United States
2011-08-16,Can't Hold Us (feat. Ray Dalton),"Ray Dalton, Ryan Lewis, Macklemore",3,52,Heavy metal,1953533826,3605651,6074,201,44,6551,2,0,United States
2022-01-20,BILLIE EILISH.,Armani White,1,0,Heavy metal,277132266,3284752,2537,49,1,67,11,1,United States
2021-07-23,INDUSTRY BABY (feat. Jack Harlow),"Jack Harlow, Lil Nas X",2,0,Heavy metal,1814349763,3378211,13315,300,47,690,0,,United States
2021-08-27,family ties (with Kendrick Lamar),"Kendrick Lamar, Baby Keem",2,5,Heavy metal,560222750,5406019,6308,114,15,63,0,2,United States
2013-07-16,Thinking with My Dick,"Kevin Gates, Juicy J",2,0,Heavy metal,109091573,4722538,1550,0,0,14,0,0,United States
2022-06-23,Poland,Lil Yachty,1,0,Heavy metal,115331792,1532170,1584,38,0,24,0,0,United States
2022-05-13,Mother I Sober (feat. Beth Gibbons of Portishead),"Kendrick Lamar, Beth Gibbons",2,0,Heavy metal,33381454,2612867,1890,3,0,2,0,0,United States
2022-11-30,Players,Coi Leray,1,6,Heavy metal,335074782,7137376,4096,118,48,143,0,240,United States
2022-06-10,Cash In Cash Out,"Pharrell Williams, Tyler, The Creator, 21 Savage",4,0,Heavy metal,136676504,7688790,2313,34,0,29,0,0,United States
2004-01-01,Mockingbird,Eminem,1,61,Heavy metal,1241559043,2394886,12985,49,98,2394,5,204,United States
2022-05-13,Count Me Out,Kendrick Lamar,1,0,Heavy metal,126191104,1671724,2729,3,7,13,0,1,United States
2022-05-13,Father Time (feat. Sampha),"Kendrick Lamar, Sampha",2,0,Heavy metal,127309180,6177084,3107,4,0,22,0,0,United States
2022-04-22,Slut Me Out,NLE Choppa,1,4,Heavy metal,190490915,8297242,816,21,4,13,0,4,United States
2022-05-13,N95,Kendrick Lamar,1,0,Heavy metal,301242089,1109166,5542,52,16,65,0,206,United States
2000-01-01,The Real Slim Shady,Eminem,1,27,Heavy metal,1424589568,2670198,20763,81,53,3271,1,17,United States
2022-05-13,Mr. Morale,"Kendrick Lamar, Tanna Leone",2,0,Heavy metal,58687425,5005107,1860,1,0,3,0,0,United States
1999-01-01,The Next Episode,"Dr. Dre, Snoop Dogg",2,0,Heavy metal,843309044,3333614,31762,142,40,5451,1,953,United States
2022-05-13,Savior,"Kendrick Lamar, Sam Dew, Baby Keem",3,0,Heavy metal,86176890,7762851,2291,9,0,8,0,0,United States
2022-05-13,Savior - Interlude,Kendrick Lamar,1,0,Heavy metal,37091576,3635714,1194,0,0,3,0,0,United States
2023-05-12,All My Life (feat. J. Cole),"J. Cole, Lil Durk",2,23,Heavy metal,144565150,7083603,2175,69,145,69,2,478,United States
1999-01-01,Forgot About Dre,"Eminem, Dr. Dre",2,0,Heavy metal,675039469,3363172,19067,78,15,1674,0,3,United States
2023-03-27,DOGTOOTH,"Tyler, The Creator",2,0,Heavy metal,80758350,1111875,1479,23,0,18,0,33,United States
2022-02-04,Gospel (with Eminem),"Eminem, Dr. Dre",2,0,Heavy metal,64787943,7165052,1040,8,0,29,0,0,United States
2022-05-13,Mirror,Kendrick Lamar,1,0,Heavy metal,53603447,5087776,1929,2,0,4,0,0,United States
2022-05-13,Silent Hill,"Kendrick Lamar, Kodak Black",2,0,Heavy metal,123216717,2861036,3028,22,0,23,0,0,United States
2022-05-08,The Heart Part 5,Kendrick Lamar,1,0,Heavy metal,71423324,6509365,2939,29,0,30,0,0,United States
2022-05-13,Auntie Diaries,Kendrick Lamar,1,0,Heavy metal,37778188,1713130,1545,1,0,4,0,0,United States
2008-01-01,Heartless,Kanye West,1,34,Heavy metal,887906111,8455676,17504,63,39,1315,0,2,United States
2022-04-08,First Class,Jack Harlow,1,0,Heavy metal,694525298,5663428,8737,163,32,137,15,12,United States
2023-03-25,HAPPY,NF,1,0,Heavy metal,52722996,3143453,660,22,7,11,0,78,United States
2022-05-13,Rich Spirit,Kendrick Lamar,1,0,Heavy metal,173702135,1493023,3486,20,10,33,0,0,United States
2002-05-26,Superman,"Eminem, Dina Rae",2,14,Heavy metal,655466831,4238748,7615,18,51,1005,0,0,United States
2022-07-01,Hot Shit (feat. Ye & Lil Durk),"Kanye West, Lil Durk, Cardi B",3,0,Heavy metal,85924992,6621439,1601,11,0,2,0,0,United States
2023-06-02,Danger (Spider) (Offset & JID),"Offset, JID",2,0,Heavy metal,24975653,5554493,214,3,3,6,0,0,United States
2002-01-01,Lose Yourself - Soundtrack Version,Eminem,1,21,Heavy metal,1829992958,6766942,32502,247,54,5567,1,51,United States
2022-05-06,I Tried to Tell Y'all,"Ugly Dray, Tesla Jnr",2,0,Heavy metal,121077868,2830739,1657,15,3,3,0,0,United States
2014-12-09,No Role Modelz,J. Cole,1,36,Heavy metal,1791000570,8189388,21164,80,65,476,0,14,United States
2022-05-13,Crown,Kendrick Lamar,1,0,Heavy metal,42485571,7556948,1493,2,0,10,0,0,United States
1999-11-21,Stan,"Eminem, Dido",2,0,Heavy metal,918915401,5694303,17115,83,63,4180,0,0,United States
2022-06-10,Betty (Get Money),Yung Gravy,1,0,Heavy metal,221752937,6549461,2402,45,2,26,0,1,United States
2023-03-03,Red Ruby Da Sleeze,Nicki Minaj,1,0,Heavy metal,81419389,2853933,1168,45,11,20,0,21,United States
1999-01-01,Still D.R.E.,"Dr. Dre, Snoop Dogg",2,0,Heavy metal,1210599487,2285737,33966,141,78,6591,1,0,United States
2022-04-01,In My Head,Lil Tjay,1,0,Heavy metal,190981339,5191929,1185,21,0,31,0,0,United States
2012-01-01,Money Trees,"Kendrick Lamar, Jay Rock",2,32,Heavy metal,1093605526,7811952,26792,69,113,695,0,458,United States
2022-05-13,Die Hard,"Kendrick Lamar, Blxst, Amanda Reifer",3,0,Heavy metal,237351106,8555603,4627,38,13,32,0,0,United States
2022-04-08,Right On,Lil Baby,1,0,Heavy metal,101780047,7434389,1116,31,9,15,0,1,United States
2023-04-14,Princess Diana (with Nicki Minaj),"Nicki Minaj, Ice Spice",2,4,Heavy metal,104992946,5442505,1444,0,0,0,0,0,United States
2023-06-02,"Am I Dreaming (Metro Boomin & A$AP Rocky, Roisee)","A$AP Rocky, Metro Boomin, Roisee",3,16,Heavy metal,94186466,6609930,727,17,60,28,1,44,United States
2017-03-30,HUMBLE.,Kendrick Lamar,1,1,Heavy metal,1929770265,5223297,33206,284,114,1481,0,5,United States
2022-05-06,Vegas (From the Original Motion Picture Soundtrack ELVIS),Doja Cat,1,0,Hip-hop,448500832,7321459,4576,79,13,93,0,17,United States
2022-02-11,Bussin,"Nicki Minaj, Lil Baby",2,0,Hip-hop,64714573,6213355,847,25,0,14,0,0,United States
2023-03-17,What It Is (Solo Version),Doechii,1,25,Hip-hop,95131998,4148996,804,29,76,24,0,162,United States
2017-08-25,Revenge,XXXTENTACION,1,11,Hip-hop,1022258230,2061546,3600,7,0,203,0,2,United States
2018-10-09,Sunflower - Spider-Man: Into the Spider-Verse,"Post Malone, Swae Lee",2,78,Hip-hop,2808096550,3827571,24094,372,117,843,4,69,United States
2023-06-02,Hummingbird (Metro Boomin & James Blake),"James Blake, Metro Boomin",2,1,Hip-hop,39666245,8346639,277,1,20,5,0,1,United States
2022-12-02,Creepin',"The Weeknd, 21 Savage, Metro Boomin",3,88,Hip-hop,843957510,2927588,6036,113,149,245,23,27,United States
2023-06-02,"Link Up (Metro Boomin & Don Toliver, Wizkid feat. BEAM & Toian) - Spider-Verse Remix (Spider-Man: Across the Spider-Verse )","WizKid, Toian, Metro Boomin, Don Toliver, Beam",5,0,Hip-hop,32761689,6436155,197,3,10,3,0,0,United States
2017-07-21,See You Again,"Tyler, The Creator, Kali Uchis",3,64,Hip-hop,1047101291,4446199,13387,77,58,247,1,311,United States
2023-03-24,I Know - PR1SVX Edit,"Kanii, PR1ISVX",2,0,Hip-hop,77377503,1214913,407,16,15,5,0,1,United States
2023-05-26,Stand By Me (feat. Morgan Wallen),"Lil Durk, Morgan Wallen",2,5,Hip-hop,46065667,4053069,381,23,82,6,0,113,United States
2022-12-02,On Time (with John Legend),"John Legend, Metro Boomin",2,0,Hip-hop,78139948,6143073,398,2,2,6,0,2,United States
2022-04-27,WAIT FOR U (feat. Drake & Tems),"Drake, Future, Tems",3,14,Hip-hop,556585270,3827734,5491,128,84,75,0,35,United States
2016-06-23,Selfish,PnB Rock,1,0,Hip-hop,380319238,3210546,2468,15,0,0,0,0,United States
2022-05-12,Cooped Up (with Roddy Ricch),"Post Malone, Roddy Ricch",2,0,Hip-hop,271666301,4528930,2942,42,28,43,0,0,United States
2023-05-01,"Angel Pt 1 (feat. Jimin of BTS, JVKE & Muni Long)","Kodak Black, NLE Choppa, Muni Long, JVKE, Jimin",5,14,Hip-hop,133753727,8666108,577,22,18,15,1,0,United States
2023-06-02,"Calling (Spider-Man: Across the Spider-Verse) (Metro Boomin & Swae Lee, NAV, feat. A Boogie Wit da Hoodie)","Swae Lee, A Boogie Wit da Hoodie, Metro Boomin, NAV",4,16,Hip-hop,109276132,4497491,1051,31,37,31,0,189,United States
2022-05-13,Purple Hearts,"Kendrick Lamar, Ghostface Killah, Summer Walker",3,0,Hip-hop,76831876,6774092,2308,7,0,7,0,0,United States
2023-02-05,Watch This - ARIZONATEARS Pluggnb Remix,"sped up nightcore, ARIZONATEARS, Lil Uzi Vert",3,10,Hip-hop,207033255,2313207,1638,0,0,21,0,0,United States
2022-09-22,STAR WALKIN' (League of Legends Worlds Anthem),Lil Nas X,1,0,Hip-hop,332506354,6204936,2616,113,17,208,0,192,United States
2021-08-20,Do It To It,"Cherish, ACRAZE",2,0,House,674772936,6984128,12403,183,63,465,0,11,United States
2021-11-12,All Too Well (10 Minute Version) (Taylor's Version) (From The Vault),Taylor Swift,1,5,Indie folk,583687007,6719600,4635,50,49,30,1,2,United States
2015-02-02,The Night We Met,Lord Huron,1,35,Indie folk,1410088830,1630789,18515,70,82,939,1,162,United States
2016-04-20,Pope Is a Rockstar,SALES,1,0,Indie pop,156658366,3872585,1966,4,2,50,0,0,United States
2022-01-07,Miserable Man,David Kushner,1,0,Indie pop,124407432,8715137,788,13,0,32,1,0,United States
2022-04-08,ceilings,Lizzy McAlpine,1,9,Indie pop,293186992,7653113,3242,67,55,48,0,6,United States
2020-02-10,Shut up My Moms Calling,Hotel Ugly,1,14,Indie pop,405136812,4341380,1788,1,50,19,0,19,United States
2014-11-28,I Love You So,The Walters,1,7,Indie pop,972164968,8584244,7536,44,19,135,0,6,United States
2011-01-01,Radio,Lana Del Rey,1,46,Indie pop,284819874,4458161,9389,24,122,282,3,368,United States
2022-05-20,Daylight,Harry Styles,1,0,Indie pop,290833204,1436447,2775,21,11,40,0,0,United States
2022-07-17,Here With Me,d4vd,1,23,Indie pop,635412045,5898111,3246,94,85,68,1,84,United States
2022-07-20,Romantic Homicide,d4vd,1,23,Indie pop,681583126,8013969,2335,82,55,50,0,9,United States
2011-01-01,Summertime Sadness,Lana Del Rey,1,52,Indie pop,983637508,1216337,20333,89,143,1632,3,200,United States
2014-06-05,Lovers Rock,TV Girl,1,13,Indie pop,466231982,8987545,6339,3,1,36,1,37,United States
2017-06-23,Infinity,Jaymes Young,1,0,Indie pop,888046992,8186517,4375,24,0,396,0,0,United States
2020-07-24,august,Taylor Swift,1,22,Indie pop,607123776,6556428,7324,25,81,61,1,44,United States
2023-04-14,Daylight,David Kushner,1,98,Indie pop,387570742,5374189,3528,80,156,182,24,1281,United States
2020-07-24,cardigan,Taylor Swift,1,29,Indie pop,812019557,2685773,7923,106,112,142,4,215,United States
2021-09-10,Toxic,BoyWithUke,1,0,Indie pop,582981380,1266830,1795,34,23,118,0,,United States
2022-03-18,IDGAF (with blackbear),"Blackbear, BoyWithUke",2,0,Indie pop,197643795,4830246,625,10,2,13,0,1,United States
2022-07-21,TV,Billie Eilish,1,2,Indie pop,338564981,1239958,3009,68,89,65,0,25,United States
2021-05-21,favorite crime,Olivia Rodrigo,1,0,Indie pop,783706581,8096695,3681,20,21,99,0,7,United States
2022-09-14,Shut up My Moms Calling - (Sped Up),Hotel Ugly,1,7,Indie pop,181831132,7662363,713,2,4,6,0,0,United States
2017-03-30,Bored,Billie Eilish,1,0,Indie pop,777765388,4131863,4204,39,45,250,0,0,United States
2003-09-23,Mr. Brightside,The Killers,1,15,Indie rock,1806617704,1512850,51979,306,99,5063,2,120,United States
2016-08-05,Notion,The Rare Occasions,1,0,Indie rock,421135627,1992045,2393,22,13,65,0,6,United States
2016-11-04,"Sex, Drugs, Etc.",Beach Weather,1,16,Indie rock,480507035,5300224,3006,47,60,87,12,124,United States
2015-05-10,Freaks,Surf Curse,1,3,Indie rock,824420218,7435337,3006,23,21,121,0,13,United States
2012-05-14,Sweater Weather,The Neighbourhood,1,61,Indie rock,2282771485,8895699,16413,166,87,1056,1,,United States
2015-07-24,Alien Blues,Vundabar,1,0,Indie rock,370068639,6950436,1930,3,0,28,0,1,United States
2022-10-17,Just Wanna Rock,Lil Uzi Vert,1,13,Jersey club,457184829,3910891,3995,72,27,47,0,0,United States
2021-11-19,We Don't Talk About Bruno,"Adassa, Mauro Castillo, Stephanie Beatriz, Encanto - Cast, Rhenzy Feliz, Diane Guerrero, Carolina Gaitan",7,0,Latin pop,432719968,7235348,2785,95,89,44,0,,United States
1991-09-24,Something In The Way - Remastered 2021,Nirvana,1,0,Main genre,368646862,8217918,9514,45,27,1197,0,43,United States
1991-09-10,Smells Like Teen Spirit - Remastered 2021,Nirvana,1,9,Main genre,1690192927,5615333,49991,265,121,12367,4,160,United States
2023-03-03,El Merengue,"Marshmello, Manuel Turizo",2,44,Merengue,223633238,7412049,2114,80,75,110,11,323,United States
2021-11-19,Surface Pressure,Jessica Darrow,1,0,Musical,267758538,4923571,1756,38,48,20,0,0,United States
2021-11-19,What Else Can I Do?,"Stephanie Beatriz, Diane Guerrero",2,0,Musical,154797871,3657141,802,13,27,8,0,0,United States
2021-11-19,The Family Madrigal,"Olga Merediz, Stephanie Beatriz, Encanto - Cast",3,0,Musical,184937148,3559931,1150,20,38,12,0,0,United States
2022-01-21,Murder In My Mind,Kordhell,1,20,Phonk,448843705,5673293,2459,20,68,50,0,22,United States
2022-10-21,Anti-Hero,Taylor Swift,1,56,Pop,999748277,8346039,9082,242,142,165,9,310,United States
2023-01-12,Flowers,Miley Cyrus,1,115,Pop,1316855716,7662572,12211,300,215,745,58,1021,United States
2022-01-19,Light Switch,Charlie Puth,1,0,Pop,500340342,7120733,4049,119,6,85,1,1,United States
2022-04-14,About Damn Time,Lizzo,1,0,Pop,723894473,7173596,9021,242,49,272,21,24,United States
2022-06-09,So Good,Halsey,1,0,Pop,91781263,2230668,1057,51,14,19,0,0,United States
2012-01-01,Lover,Taylor Swift,1,23,Pop,882831184,1729982,8448,160,110,163,0,5,United States
2021-12-03,Sunroof,"Nicky Youre, Dazy",2,17,Pop,652704649,5555264,3741,156,35,110,19,0,United States
2019-08-23,All Of The Girls You Loved Before,Taylor Swift,1,6,Pop,185240616,4117642,1282,26,6,19,0,5,United States
1999-01-01,Yellow,Chris Molitor,1,43,Pop,1755214421,4527090,31358,196,2,4053,5,0,United States
2023-07-07,Enchanted (Taylor's Version),Taylor Swift,1,24,Pop,39578178,6801500,148,32,93,8,2,5,United States
2023-05-26,Hits Different,Taylor Swift,1,0,Pop,68616963,2101565,547,15,15,6,0,0,United States
2021-09-01,Acapulco,Jason Derulo,1,0,Pop,363467642,2439081,3098,111,5,182,1,0,United States
2019-08-23,Cruel Summer,Taylor Swift,1,100,Pop,800840817,2362023,7858,116,207,125,12,548,United States
2022-07-15,golden hour,JVKE,1,36,Pop,751134527,3183051,4511,70,58,109,18,230,United States
2022-07-15,Nonsense,Sabrina Carpenter,1,27,Pop,342897938,4890651,2346,69,12,38,8,64,United States
2014-01-01,Shake It Off,Taylor Swift,1,13,Pop,1113838873,2031309,21335,328,70,1378,9,20,United States
2014-01-01,Blank Space,Taylor Swift,1,53,Pop,1355959075,3921634,11434,154,123,410,2,81,United States
2023-07-14,Overdrive,Post Malone,1,36,Pop,14780425,4487095,410,36,32,31,1,26,United States
2021-06-25,Woman,Doja Cat,1,0,Pop,1329090101,5346382,9424,202,50,463,4,,United States
2022-04-22,Until I Found You (with Em Beihold) - Em Beihold Version,"Em Beihold, Stephen Sanchez",2,30,Pop,600976848,7680579,2790,60,96,71,0,115,United States
2021-09-17,THATS WHAT I WANT,Lil Nas X,1,0,Pop,920797189,2636311,7963,173,7,298,0,4,United States
2023-05-26,Karma (feat. Ice Spice),"Taylor Swift, Ice Spice",2,0,Pop,46142772,1452364,588,23,21,31,0,0,United States
2010-01-01,Just The Way You Are,Bruno Mars,1,13,Pop,1641426668,2008299,21106,82,0,2946,0,0,United States
2022-01-28,Numb Little Bug,Em Beihold,1,0,Pop,258714692,3923724,2026,47,3,42,12,6,United States
2022-10-21,Mastermind,Taylor Swift,1,0,Pop,218320587,6590514,1936,7,5,13,0,0,United States
2023-06-30,vampire,Olivia Rodrigo,1,113,Pop,140003974,6974739,1397,94,207,91,14,949,United States
2022-10-21,The Great War,Taylor Swift,1,0,Pop,181382590,1587452,1274,1,6,11,0,0,United States
2022-10-21,Karma,Taylor Swift,1,23,Pop,404562836,7370086,3818,37,55,32,0,272,United States
2014-01-01,Style,Taylor Swift,1,42,Pop,786181836,4796316,7830,94,111,151,4,82,United States
2022-02-11,Boyfriend,Dove Cameron,1,0,Pop,496311364,1906058,3766,76,0,102,0,2,United States
2022-10-21,Made You Look,Meghan Trainor,1,6,Pop,502574952,4257818,3956,142,23,127,3,16,United States
2021-08-09,Flowers,Lauren Spencer Smith,1,0,Pop,184826429,3933523,801,42,9,24,1,1,United States
2022-10-21,Midnight Rain,Taylor Swift,1,4,Pop,433356509,3694791,2612,19,29,21,0,0,United States
2018-09-27,Shallow,"Lady Gaga, Bradley Cooper",2,12,Pop,2159346687,5074676,16636,368,155,2854,6,121,United States
2022-05-03,Hold My Hand,Lady Gaga,1,0,Pop,238350348,8238387,2528,63,8,270,2,105,United States
2022-10-21,Bigger Than The Whole Sky,Taylor Swift,1,0,Pop,121871870,2341529,1180,4,0,8,0,0,United States
2018-05-25,Let Me Down Slowly,Alec Benjamin,1,19,Pop,1374581173,1611239,5897,0,0,885,0,0,United States
2010-10-04,Talking To The Moon,Bruno Mars,1,2,Pop,1062956628,5046895,7109,5,0,862,0,0,United States
2019-09-20,Memories,Maroon 5,1,2,Pop,1759567999,2635416,9974,272,67,1066,1,19,United States
2021-09-01,Until I Found You,Stephen Sanchez,1,4,Pop,726434358,8641758,4427,69,100,154,20,438,United States
2021-05-21,happier,Olivia Rodrigo,1,4,Pop,850608354,7403072,3069,25,46,105,0,45,United States
2021-04-09,Kiss Me More (feat. SZA),"SZA, Doja Cat",2,0,Pop,1575467011,8360758,15867,382,65,497,0,12,United States
2023-01-27,TRUSTFALL,P!nk,1,16,Pop,134255790,2023447,2098,88,24,101,7,451,United States
2015-01-01,Cool for the Summer,Demi Lovato,1,0,Pop,677389855,1904373,9243,155,5,577,0,6,United States
2022-07-12,"Come Back Home - From ""Purple Hearts""",Sofia Carson,1,0,Pop,97610446,8171348,367,28,67,195,0,0,United States
2022-10-21,"Would've, Could've, Should've",Taylor Swift,1,0,Pop,177503916,8471839,1715,4,5,8,0,0,United States
2021-09-03,this is what falling in love feels like,JVKE,1,0,Pop,346127840,4551026,2005,16,5,43,0,7,United States
2022-10-21,Maroon,Taylor Swift,1,0,Pop,317726339,2284105,2304,12,16,14,0,0,United States
2019-08-30,Circles,Post Malone,1,16,Pop,2132335812,2020928,19664,391,73,633,3,37,United States
2017-08-11,lovely - Bonus Track,"Billie Eilish, Khalid",2,30,Pop,2355719893,4826716,15032,221,96,1078,2,136,United States
2022-10-21,Labyrinth,Taylor Swift,1,0,Pop,187339835,6372213,1597,6,3,15,0,0,United States
2020-03-20,Heather,Conan Gray,1,7,Pop,1301799902,5864281,6170,82,1,231,0,2,United States
2022-04-29,In The Stars,Benson Boone,1,8,Pop,382199619,4627428,2224,48,40,87,1,210,United States
2022-07-14,2 Be Loved (Am I Ready),Lizzo,1,6,Pop,247689123,4579313,3682,41,0,158,2,68,United States
2022-10-21,Bejeweled,Taylor Swift,1,0,Pop,328207708,1218742,2699,39,35,22,2,0,United States
2023-07-13,"What Was I Made For? [From The Motion Picture ""Barbie""]",Billie Eilish,1,104,Pop,30546883,1404326,873,80,227,95,24,1173,United States
2012-12-05,Locked Out Of Heaven,Bruno Mars,1,9,Pop,1481349984,3369956,1622,0,0,356,0,0,United States
2022-11-03,My Mind & Me,Selena Gomez,1,0,Pop,91473363,3476877,953,61,13,37,1,0,United States
2023-06-05,Lilith (feat. SUGA of BTS) (Diablo IV Anthem),"Halsey, Suga",2,6,Pop,51985779,1193878,215,6,14,8,2,4,United States
2012-12-05,When I Was Your Man,Bruno Mars,1,11,Pop,1661187319,3509026,2420,0,0,806,0,0,United States
2011-01-01,Bloody Mary,Lady Gaga,1,0,Pop,372476382,7921549,3909,66,26,277,3,734,United States
2021-05-21,traitor,"Juan Cruz Toledo, Huilen Toledo",2,6,Pop,1230855859,1198357,5257,85,43,134,0,,United States
2022-10-21,Sweet Nothing,Taylor Swift,1,0,Pop,186104310,1386595,1747,9,6,13,0,2,United States
2022-10-21,Question...?,Taylor Swift,1,0,Pop,223064273,5899602,1608,10,3,12,0,0,United States
2021-11-18,I AM WOMAN,Emmy Meli,1,0,Pop,225259194,5311211,2795,45,0,107,0,0,United States
2022-06-24,Left and Right (Feat. Jung Kook of BTS),"Charlie Puth, BTS, Jung Kook",3,39,Pop,720434240,2577311,3107,38,0,4,0,0,United States
2022-10-21,"You're On Your Own, Kid",Taylor Swift,1,2,Pop,348647203,3146245,2537,8,18,20,0,1,United States
2021-04-28,Leave Before You Love Me (with Jonas Brothers),"Marshmello, Jonas Brothers",2,4,Pop,651732901,2346155,4893,143,24,110,0,70,United States
2021-01-08,drivers license,Olivia Rodrigo,1,3,Pop,1858144199,5750956,12685,185,61,485,0,,United States
2022-04-08,That's Hilarious,Charlie Puth,1,2,Pop,146363130,6116514,686,11,6,12,0,15,United States
2010-01-01,Enchanted,Taylor Swift,1,16,Pop,621660989,6735267,4564,24,101,113,0,40,United States
2022-10-21,Vigilante Shit,Taylor Swift,1,0,Pop,253650850,7270435,1948,12,9,16,0,0,United States
2021-05-14,good 4 u,Olivia Rodrigo,1,6,Pop punk,1887039593,6554843,15563,259,55,461,1,,United States
2022-06-03,I Like You (A Happier Song) (with Doja Cat),"Post Malone, Doja Cat",2,14,Pop rap,609293408,1912112,5281,94,21,80,15,38,United States
2021-06-11,Need To Know,Doja Cat,1,0,Pop rap,1042568408,8480431,6672,125,36,150,0,,United States
2021-11-05,One Right Now (with The Weeknd),"The Weeknd, Post Malone",2,0,Pop rap,539595276,7068825,4771,68,18,75,0,1,United States
2020-07-24,Mood (feat. Iann Dior),"24kgoldn, Iann Dior",2,0,Pop rap,1699402402,1839223,12854,237,27,636,0,,United States
2021-06-25,Get Into It (Yuh),Doja Cat,1,0,Pop rap,516784627,5085460,4999,43,19,73,12,0,United States
2020-09-18,MONTERO (Call Me By Your Name),Lil Nas X,1,0,Pop rap,1735441776,7748090,12329,275,19,738,0,,United States
2012-01-01,Demons,Imagine Dragons,1,13,Pop rock,1840364617,8580552,26694,65,82,3425,4,13,United States
2013-01-01,Counting Stars,OneRepublic,1,43,Pop rock,2011464183,7325433,29215,179,97,3394,11,153,United States
2017-01-31,Believer,Imagine Dragons,1,23,Pop rock,2594040133,4181228,18986,250,121,2969,10,31,United States
2021-04-01,deja vu,Olivia Rodrigo,1,4,Pop rock,1256880657,1289598,7545,117,39,141,0,46,United States
2022-03-23,10 Things I Hate About You,Leah Kate,1,0,Pop rock,185550869,6642483,1301,23,1,15,0,0,United States
2021-10-27,Enemy - from the series Arcane League of Legends,"Imagine Dragons, League of Legends, Arcane",3,0,Pop rock,1223481149,1367281,824,8,8,8,2,0,United States
2021-09-03,Enemy (with JID) - from the series Arcane League of Legends,"Imagine Dragons, League of Legends, JID, Arcane",4,7,Pop rock,1223481149,1519987,6180,122,88,580,21,10,United States
2023-07-07,Better Than Revenge (Taylor's Version),Taylor Swift,1,11,Pop rock,30343206,3054476,86,3,33,3,0,1,United States
2023-04-14,Chemical,Post Malone,1,39,Pop rock,172825906,2619841,2528,56,91,59,3,486,United States
2021-05-21,"jealousy, jealousy",Olivia Rodrigo,1,0,Pop rock,665765558,8835305,3257,10,0,70,0,0,United States
2020-11-27,Angels Like You,Miley Cyrus,1,19,Pop rock,570515054,5106082,3372,65,48,138,1,102,United States
2012-01-01,Payphone,"Maroon 5, Wiz Khalifa",2,4,Pop rock,1479264469,1967014,14143,56,38,1891,1,,United States
2021-03-11,Bones,Imagine Dragons,1,44,Pop rock,838079900,2480109,4198,98,108,327,17,153,United States
2022-05-13,I Ain't Worried,OneRepublic,1,76,Pop rock,1085685420,4467778,8431,241,127,458,37,332,United States
2023-02-24,Moonlight,Kali Uchis,1,42,R&B,256483385,2770990,2649,67,79,57,1,615,United States
2022-06-29,Bad Habit,Steve Lacy,1,12,R&B,822633917,4334346,8186,155,72,131,16,29,United States
2022-12-09,Gone Girl,SZA,1,0,R&B,65362788,2070479,892,3,17,2,0,0,United States
2021-11-19,Hrs and Hrs,Muni Long,1,0,R&B,181328253,7298940,1800,43,36,46,13,4,United States
2021-06-25,Ain't Shit,Doja Cat,1,0,R&B,499710590,5897675,3436,32,6,46,0,1,United States
2022-12-08,Used (feat. Don Toliver),"SZA, Don Toliver",2,0,R&B,94005786,3439901,1042,7,29,3,0,0,United States
2022-12-09,Seek & Destroy,SZA,1,0,R&B,98709329,6791135,1007,5,31,1,0,0,United States
2022-12-09,Love Language,SZA,1,0,R&B,110849052,4989276,1127,16,63,8,0,0,United States
2021-06-24,You Right,"Doja Cat, The Weeknd",2,0,R&B,672656250,4967426,5073,83,9,100,0,4,United States
2022-12-09,Nobody Gets Me,SZA,1,6,R&B,284908316,3923468,2536,59,100,58,13,2,United States
2022-12-09,Special,SZA,1,0,R&B,88092256,4611820,906,6,21,3,0,0,United States
2022-12-09,Low,SZA,1,0,R&B,272377463,2578085,1911,23,71,14,0,9,United States
2019-11-07,Streets,Doja Cat,1,0,R&B,865640097,2092930,5728,85,87,179,0,12,United States
2022-12-09,Smoking on my Ex Pack,SZA,1,0,R&B,57144458,7103818,811,6,11,3,0,0,United States
2013-08-01,All of Me,John Legend,1,0,R&B,2086124197,4152167,27221,308,118,4534,2,77,United States
2020-10-23,positions,Ariana Grande,1,0,R&B,1252563873,7298366,8207,175,55,95,0,2,United States
2023-02-24,Die For You - Remix,"Ariana Grande, The Weeknd",2,47,R&B,518745108,6230777,3408,87,86,74,1,16,United States
2012-01-01,Lost,Frank Ocean,1,11,R&B,822239726,3115886,29499,124,27,587,0,4,United States
2016-08-20,Pink + White,Frank Ocean,1,30,R&B,806397070,8897005,21574,112,68,266,1,39,United States
2022-12-09,Blind,SZA,1,0,R&B,163284000,8689972,1484,22,51,12,0,0,United States
2022-12-09,Snooze,SZA,1,25,R&B,399686758,4311407,2839,58,156,42,1,236,United States
2022-12-08,Open Arms (feat. Travis Scott),"SZA, Travis Scott",2,4,R&B,155653938,7122267,1420,13,87,17,0,46,United States
2022-12-08,Too Late,SZA,1,0,R&B,49262961,2678616,714,0,9,2,0,0,United States
2022-12-09,Notice Me,SZA,1,0,R&B,62019074,2628329,819,14,22,0,0,0,United States
2021-12-03,I Hate U,SZA,1,0,R&B,356709897,3782910,4094,66,96,43,0,0,United States
2022-12-09,SOS,SZA,1,0,R&B,73981293,7780139,827,6,18,1,0,0,United States
2010-05-25,Sure Thing,Miguel,1,19,R&B,950906471,3451143,13801,137,125,435,6,285,United States
2020-02-21,HEARTBREAK ANNIVERSARY,Giveon,1,4,R&B,951637566,6261319,5398,111,127,210,0,37,United States
2022-07-15,Static,Steve Lacy,1,0,R&B,202452860,4758406,1613,21,15,13,0,0,United States
2022-10-28,Shirt,SZA,1,0,R&B,309653982,7526938,3469,71,95,31,0,2,United States
2020-12-24,Good Days,SZA,1,2,R&B,826623384,6775509,10426,133,109,182,1,10,United States
2022-12-09,Ghost in the Machine (feat. Phoebe Bridgers),"SZA, Phoebe Bridgers",2,0,R&B,110073250,5179092,1634,16,20,4,0,0,United States
2017-02-20,Dark Red,Steve Lacy,1,7,R&B,920045682,1014962,10431,71,53,181,0,10,United States
2022-12-09,Far,SZA,1,0,R&B,51641685,5602322,680,2,15,1,0,0,United States
2022-12-09,Conceited,SZA,1,0,R&B,56870689,2587921,899,2,14,2,0,0,United States
2019-10-04,Under The Influence,Chris Brown,1,26,R&B,929964809,3153550,3859,133,181,3,0,,United States
2022-12-08,Kill Bill,SZA,1,77,R&B,1163093654,5025330,8109,183,162,161,12,187,United States
2022-09-02,Talk,YEAT,1,0,Rage rap,148461629,5086845,920,10,1,8,0,0,United States
2023-06-23,Barbie World (with Aqua) [From Barbie The Album],"Nicki Minaj, Aqua, Ice Spice",3,80,Rap,65156199,5168392,1117,82,145,65,16,1133,United States
2023-03-30,Chanel,"Becky G, Peso Pluma",2,10,Reggaeton,161460990,1710471,681,15,92,21,2,26,United States
2022-04-28,No Se Va,Grupo Frontera,1,18,Regional Mexican,404887295,3132809,924,17,80,22,9,38,United States
2023-03-14,Dijeron Que No La Iba Lograr,"Fuerza Regida, Chino Pacas",2,6,Regional Mexican,116334601,5402623,320,5,48,2,1,9,United States
2022-12-16,Bebe Dame,"Fuerza Regida, Grupo Frontera",2,22,Regional Mexican,367316268,4031115,849,27,129,21,7,111,United States
2023-05-19,TQM,Fuerza Regida,1,28,Regional Mexican,176553476,7070604,584,16,159,15,6,100,United States
2023-06-22,SABOR FRESA,Fuerza Regida,1,26,Regional Mexican,78300654,7510507,250,16,149,10,5,168,United States
2022-03-25,Soy El Unico,Yahritza Y Su Esencia,1,0,Regional Mexican,126443991,2150360,226,5,0,4,0,1,United States
1968-07-01,Have You Ever Seen The Rain?,Creedence Clearwater Revival,1,14,Rock,1145727611,6250958,15890,71,37,653,0,167,United States
1973-01-05,Dream On,Aerosmith,1,0,Rock,838586769,1534505,168,0,0,5,0,0,United States
1958-01-01,Run Rudolph Run - Single Version,Chuck Berry,1,0,Rock,245350949,8597238,8612,120,30,52,0,1,United States
2023-04-07,Peaches (from The Super Mario Bros. Movie),Jack Black,1,0,Rock,68216992,6987709,34,0,0,0,0,0,United States
1987-01-01,Sweet Child O' Mine,Guns N' Roses,1,1,Rock,1553497987,7080917,41231,228,151,6720,3,99,United States
2021-03-05,Leave The Door Open,"Bruno Mars, Anderson .Paak, Silk Sonic",3,0,Soul,1115880852,7345306,14417,237,123,569,0,10,United States
2021-11-05,Smokin Out The Window,"Bruno Mars, Anderson .Paak, Silk Sonic",3,,Soul,383550148,4439384,4963,63,40,76,0,0,United States
2022-10-21,Lavender Haze,Taylor Swift,1,8,Synth-pop,488386797,2987008,3763,51,43,38,10,1,United States
2014-08-08,After Dark,Mr.Kitty,1,14,Synthwave,646886885,4635311,1776,1,9,3,0,0,United States
2022-12-02,Niagara Falls (Foot or 2) [with Travis Scott & 21 Savage],"Travis Scott, 21 Savage, Metro Boomin",3,0,Trap,195516622,1718193,1602,12,22,12,0,2,United States
2022-01-07,25k jacket (feat. Lil Baby),"Gunna, Lil Baby",2,0,Trap,54937991,6457168,620,17,3,3,0,0,United States
2022-01-07,thought i was playing,"21 Savage, Gunna",2,0,Trap,60680939,4464368,807,3,0,5,0,0,United States
2022-12-02,Raindrops (Insane) [with Travis Scott],"Travis Scott, Metro Boomin",2,0,Trap,110649992,8283550,880,3,7,10,0,0,United States
2023-05-15,fukumean,Gunna,1,83,Trap,95217315,5563881,1096,60,210,48,11,953,United States
2022-02-11,Worst Day,Future,1,0,Trap,50746620,3434265,910,20,3,24,0,0,United States
2020-12-25,Sky,Playboi Carti,1,3,Trap,506778838,3023667,3297,25,3,52,0,1,United States
2022-12-02,Superhero (Heroes & Villains) [with Future & Chris Brown],"Future, Chris Brown, Metro Boomin",3,16,Trap,401036314,3512881,2959,41,69,38,0,36,United States
2022-12-02,Trance (with Travis Scott & Young Thug),"Travis Scott, Young Thug, Metro Boomin",3,46,Trap,276259178,2121928,1682,24,90,30,1,176,United States
2022-12-02,Too Many Nights (feat. Don Toliver & with Future),"Future, Metro Boomin, Don Toliver",3,58,Trap,286400165,2540650,2110,17,119,19,2,266,United States
2022-04-29,PUFFIN ON ZOOTIEZ,Future,1,0,Trap,254218729,1545230,2350,28,42,23,0,0,United States
2022-01-07,pushin P (feat. Young Thug),"Young Thug, Future, Gunna",3,0,Trap,311395144,1582892,3517,54,28,43,0,0,United States
2023-06-02,"All The Way Live (Spider-Man: Across the Spider-Verse) (Metro Boomin & Future, Lil Uzi Vert)","Future, Lil Uzi Vert, Metro Boomin",3,0,Trap,37126685,4866757,259,5,17,5,0,0,United States
2022-02-06,Ojos Marrones,Lasso,1,11,Latin pop,263280370,1392259,795,26,18,15,1,4,Venezuela
2022-02-17,Fuera del mercado,Danny Ocean,1,21,Latin pop,421365166,7724259,2499,68,24,43,1,0,Venezuela
